Client ID,Name,Occurrence
NZ63534,Aaron Bryant,1
NZ71163,Aaron Burke,1
NZ79052,Aaron Cook,1
NZ56539,Aaron Day,1
NZ88814,Aaron Edwards,1
NZ63929,Aaron Evans,1
NZ43946,Aaron Ferguson,1
NZ79465,Aaron George,1
NZ19058,Aaron Gray,1
NZ31862,Aaron Harvey,1
NZ76903,Aaron Hawkins,1
NZ42280,Aaron Jordan,1
NZ93121,Aaron Marshall,1
NZ70182,Aaron Palmer,1
NZ56891,Aaron Reynolds,1
NZ62602,Aaron Rice,1
NZ76509,Aaron Russell,1
NZ26575,Aaron Russell,1
NZ72603,Aaron Simpson,1
NZ71573,Aaron Stephens,1
NZ16848,Aaron Stone,1
NZ13011,Aaron Turner,1
NZ33616,Aaron Vasquez,1
NZ15648,Aaron Williams,1
NZ39582,Aaron Williams,1
NZ32785,Aaron Wilson,1
NZ67526,Adam Campbell,1
NZ27001,Adam Carter,1
NZ91954,Adam Chapman,1
NZ66784,Adam Cook,1
NZ23903,Adam Fisher,1
NZ14347,Adam Fuller,1
NZ85219,Adam Gonzalez,1
NZ86491,Adam Howard,1
NZ16744,Adam Hughes,1
NZ66671,Adam Knight,1
NZ96193,Adam Murphy,1
NZ82540,Adam Nichols,1
NZ65519,Adam Reyes,1
NZ93115,Adam Robertson,1
NZ15069,Adam Simpson,1
NZ57231,Adam Spencer,1
NZ47890,Adam Thompson,1
NZ68353,Adam Webb,1
NZ36643,Adam Woods,1
NZ85541,Alan Bennett,1
NZ35674,Alan Bennett,1
NZ79088,Alan Cole,1
NZ85625,Alan Cook,1
NZ31800,Alan Cunningham,1
NZ99221,Alan Kennedy,1
NZ16937,Alan Long,1
NZ58447,Alan Nichols,1
NZ36665,Alan Sims,1
NZ68422,Alan Taylor,1
NZ62950,Alan Wallace,1
NZ58212,Alan Wheeler,1
NZ98980,Alan Wheeler,1
NZ39451,Albert Adams,1
NZ86154,Albert Banks,1
NZ88778,Albert Bryant,1
NZ32670,Albert Burton,1
NZ26450,Albert Cruz,1
NZ14562,Albert Duncan,1
NZ86656,Albert Fox,1
NZ97501,Albert George,1
NZ29870,Albert Hudson,1
NZ68480,Albert Kim,1
NZ17023,Albert Reid,1
NZ59368,Albert Tucker,1
NZ85414,Albert Weaver,1
NZ35995,Albert Wells,1
NZ24876,Albert Woods,1
NZ91662,Alice Chavez,1
NZ86081,Alice Gibson,1
NZ49852,Alice Hawkins,1
NZ47563,Alice Marshall,1
NZ31493,Alice Peterson,1
NZ35744,Alice Watson,1
NZ50127,Amanda Burke,1
NZ94962,Amanda Davis,1
NZ25691,Amanda Diaz,1
NZ50968,Amanda Hill,1
NZ57357,Amanda Miller,1
NZ91852,Amanda Mitchell,1
NZ54677,Amanda Myers,1
NZ29277,Amanda Rice,1
NZ69809,Amanda Rodriguez,1
NZ58811,Amanda Watkins,1
NZ51390,Amy Gomez,1
NZ83760,Amy Gomez,1
NZ44023,Amy Hawkins,1
NZ76263,Amy Martinez,1
NZ79353,Amy Mills,1
NZ40216,Amy Nguyen,1
NZ47238,Amy Powell,1
NZ54970,Amy Ryan,1
NZ53190,Amy Sims,1
NZ75623,Amy Spencer,1
NZ52909,Amy Spencer,1
NZ75924,Amy Sullivan,1
NZ69834,Amy Webb,1
NZ98364,Amy White,1
NZ27052,Amy Williams,1
NZ90377,Andrea Anderson,1
NZ34987,Andrea Freeman,1
NZ52133,Andrea Gonzales,1
NZ50738,Andrea Mills,1
NZ61808,Andrea Oliver,1
NZ61248,Andrea Spencer,1
NZ66583,Andrew Baker,1
NZ24180,Andrew Collins,1
NZ21838,Andrew Cox,1
NZ15365,Andrew Diaz,1
NZ46652,Andrew Ford,1
NZ63518,Andrew Gray,1
NZ46130,Andrew Hamilton,1
NZ40674,Andrew Hudson,1
NZ59398,Andrew Johnson,1
NZ96795,Andrew Lawrence,1
NZ82705,Andrew Long,1
NZ78937,Andrew Martinez,1
NZ74197,Andrew Mills,1
NZ41873,Andrew Moore,1
NZ35211,Andrew Phillips,1
NZ45185,Andrew Rivera,1
NZ62606,Andrew Rodriguez,1
NZ22504,Andrew Torres,1
NZ29257,Andrew Tucker,1
NZ58681,Andrew Williams,1
NZ55512,Andrew Young,1
NZ49616,Angela Alvarez,1
NZ97262,Angela Gilbert,1
NZ97314,Angela Green,1
NZ69736,Angela Lynch,1
NZ65740,Angela Oliver,1
NZ64905,Angela Pierce,1
NZ87450,Angela Ramos,1
NZ65466,Angela Ramos,1
NZ52609,Angela Roberts,1
NZ31753,Angela Tucker,1
NZ84529,Angela Welch,1
NZ87267,Angela Williams,1
NZ51790,Ann Bradley,1
NZ51633,Ann Fernandez,1
NZ90203,Ann Flores,1
NZ15664,Ann Gonzales,1
NZ15919,Ann Harper,1
NZ42134,Ann Henderson,1
NZ38255,Ann Henry,1
NZ80594,Ann Hernandez,1
NZ53772,Ann Hill,1
NZ51542,Ann James,1
NZ77099,Ann Oliver,1
NZ44084,Ann Spencer,1
NZ47623,Ann Stephens,1
NZ86944,Ann White,1
NZ41553,Anna Bennett,1
NZ90241,Anna Cole,1
NZ35620,Anna Duncan,1
NZ24185,Anna Henry,1
NZ29817,Anna Holmes,1
NZ46886,Anna Jordan,1
NZ73140,Anna Montgomery,1
NZ31656,Anna Murray,1
NZ25593,Anna Reed,1
NZ61268,Anna Shaw,1
NZ57637,Anna Warren,1
NZ90860,Anna Welch,1
NZ38710,Anna West,1
NZ70950,Anna Wilson,1
NZ29921,Anne Bailey,1
NZ24875,Anne Bennett,1
NZ97660,Anne Burton,1
NZ30612,Anne Collins,1
NZ50934,Anne Garcia,1
NZ57160,Anne Garrett,1
NZ13368,Anne Hill,1
NZ74692,Anne Hunter,1
NZ95645,Anne Johnson,1
NZ62637,Anne Johnston,1
NZ85664,Anne Mason,1
NZ71301,Anne Nguyen,1
NZ35234,Anne Phillips,1
NZ61104,Anne Richards,1
NZ14959,Anne Weaver,1
NZ60609,Anne Wright,1
NZ26303,Annie Collins,1
NZ55928,Annie Dunn,1
NZ13603,Annie Grant,1
NZ31180,Annie Hayes,1
NZ13486,Annie Henderson,1
NZ79190,Annie James,1
NZ46331,Annie Knight,1
NZ34087,Annie Lee,1
NZ77117,Annie Lewis,1
NZ88872,Annie Morrison,1
NZ46116,Annie Morrison,1
NZ72025,Annie Powell,1
NZ68120,Annie Price,1
NZ32973,Annie Reyes,1
NZ42511,Annie Washington,1
NZ46155,Annie West,1
NZ19003,Anthony Alexander,1
NZ58185,Anthony Anderson,1
NZ83697,Anthony Bennett,1
NZ34748,Anthony Berry,1
NZ82367,Anthony Campbell,1
NZ87264,Anthony Ferguson,1
NZ25477,Anthony Gardner,1
NZ93216,Anthony Green,1
NZ96437,Anthony Hall,1
NZ78396,Anthony Howard,1
NZ91488,Anthony King,1
NZ72496,Anthony Mcdonald,1
NZ53173,Anthony Moore,1
NZ35166,Anthony Morales,1
NZ48902,Anthony Morris,1
NZ65057,Anthony Murray,1
NZ88639,Anthony Oliver,1
NZ20489,Anthony Parker,1
NZ53714,Anthony Simmons,1
NZ52234,Anthony Sims,1
NZ33470,Anthony Stephens,1
NZ42982,Anthony Wagner,1
NZ48400,Antonio Arnold,1
NZ82914,Antonio Austin,1
NZ83245,Antonio Collins,1
NZ91436,Antonio Ferguson,1
NZ59774,Antonio Fisher,1
NZ37041,Antonio Gilbert,1
NZ27672,Antonio Henderson,1
NZ50027,Antonio Hernandez,1
NZ77657,Antonio Matthews,1
NZ25359,Antonio Moreno,1
NZ24725,Antonio Owens,1
NZ83499,Antonio Ray,1
NZ88721,Antonio Reed,1
NZ40105,Antonio Robinson,1
NZ57710,Antonio Ruiz,1
NZ61615,Antonio Stephens,1
NZ70877,Antonio Weaver,1
NZ34130,Arthur Arnold,1
NZ67029,Arthur Austin,1
NZ32423,Arthur Bell,1
NZ76365,Arthur Bishop,1
NZ14292,Arthur Burns,1
NZ83086,Arthur Duncan,1
NZ54309,Arthur Fields,1
NZ15739,Arthur Fuller,1
NZ47894,Arthur Garza,1
NZ14605,Arthur Hanson,1
NZ83308,Arthur Hicks,1
NZ74305,Arthur Knight,1
NZ23112,Arthur Mitchell,1
NZ23132,Arthur Ramos,1
NZ37853,Arthur Sanders,1
NZ25512,Arthur Snyder,1
NZ56930,Arthur Sullivan,1
NZ92305,Arthur Vasquez,1
NZ24057,Ashley Burns,1
NZ13801,Ashley Coleman,1
NZ45617,Ashley Franklin,1
NZ77478,Ashley Greene,1
NZ24135,Ashley Griffin,1
NZ88027,Ashley Howard,1
NZ53747,Ashley Howell,1
NZ14968,Ashley Powell,1
NZ79115,Ashley Robertson,1
NZ37011,Ashley Robertson,1
NZ19266,Barbara Barnes,1
NZ89378,Barbara Butler,1
NZ97338,Barbara Duncan,1
NZ56584,Barbara Gomez,1
NZ24058,Barbara Harper,1
NZ58136,Barbara Larson,1
NZ56173,Barbara Lynch,1
NZ69382,Barbara Rice,1
NZ36875,Barbara Riley,1
NZ41393,Barbara Smith,1
NZ88327,Benjamin Alvarez,1
NZ45135,Benjamin Boyd,1
NZ24103,Benjamin Collins,1
NZ17557,Benjamin Crawford,1
NZ54321,Benjamin Duncan,1
NZ56981,Benjamin Freeman,1
NZ69349,Benjamin Garza,1
NZ88367,Benjamin Gonzales,1
NZ86286,Benjamin Greene,1
NZ95121,Benjamin James,1
NZ21305,Benjamin Pierce,1
NZ23033,Benjamin Price,1
NZ57365,Benjamin Ray,1
NZ86710,Benjamin Schmidt,1
NZ70757,Benjamin Wheeler,1
NZ19507,Benjamin Wood,1
NZ60221,Benjamin Wood,1
NZ20160,Betty Bennett,1
NZ32150,Betty Butler,1
NZ15088,Betty Davis,1
NZ71789,Betty Fisher,1
NZ28479,Betty Hall,1
NZ96387,Betty Harris,1
NZ90272,Betty Meyer,1
NZ30520,Betty Phillips,1
NZ69031,Betty Ray,1
NZ94927,Betty Rose,1
NZ84942,Beverly Armstrong,1
NZ79955,Beverly Arnold,1
NZ95576,Beverly Black,1
NZ30445,Beverly Carter,1
NZ14798,Beverly Griffin,1
NZ88808,Beverly Richards,1
NZ72516,Beverly Stewart,1
NZ45962,Beverly Sullivan,1
NZ71818,Beverly Taylor,1
NZ40048,Beverly Woods,1
NZ37683,Billy Burke,1
NZ66556,Billy Ellis,1
NZ89924,Billy Evans,1
NZ93338,Billy Fields,1
NZ36046,Billy Ford,1
NZ41977,Billy Gutierrez,1
NZ70392,Billy Gutierrez,1
NZ79745,Billy Hall,1
NZ36801,Billy Hamilton,1
NZ22235,Billy Oliver,1
NZ68596,Billy Perez,1
NZ62770,Billy Robertson,1
NZ47886,Billy Schmidt,1
NZ62351,Billy Turner,1
NZ70365,Billy Wagner,1
NZ40556,Billy Williamson,1
NZ25680,Billy Wilson,1
NZ34612,Billy Wright,1
NZ64098,Bobby Adams,1
NZ96624,Bobby Bailey,1
NZ70559,Bobby Baker,1
NZ17528,Bobby Bradley,1
NZ67670,Bobby Brooks,1
NZ73056,Bobby Flores,1
NZ83513,Bobby Fowler,1
NZ39056,Bobby Franklin,1
NZ71119,Bobby Gardner,1
NZ72436,Bobby Gomez,1
NZ76081,Bobby Gordon,1
NZ70604,Bobby Gutierrez,1
NZ96454,Bobby Jenkins,1
NZ45419,Bobby Kim,1
NZ15735,Bobby Lee,1
NZ33221,Bobby Martin,1
NZ88500,Bobby Mitchell,1
NZ25515,Bobby Phillips,1
NZ83480,Bobby Reed,1
NZ62031,Bobby Reid,1
NZ30509,Bobby Rice,1
NZ97061,Bobby Ryan,1
NZ95777,Bobby Smith,1
NZ23455,Bobby Spencer,1
NZ92575,Bobby Warren,1
NZ66341,Bobby Watkins,1
NZ14471,Bobby Williamson,1
NZ84771,Bobby Wood,1
NZ70122,Bobby Wright,1
NZ91319,Bonnie Brown,1
NZ35225,Bonnie Romero,1
NZ65488,Bonnie Simpson,1
NZ76461,Bonnie Stone,1
NZ16777,Brandon Andrews,1
NZ50457,Brandon Burton,1
NZ47871,Brandon Chapman,1
NZ23534,Brandon Cox,1
NZ30719,Brandon Daniels,1
NZ84355,Brandon Davis,1
NZ40270,Brandon Fox,1
NZ82834,Brandon George,1
NZ33502,Brandon Harris,1
NZ37323,Brandon Little,1
NZ17683,Brandon Martin,1
NZ55021,Brandon Morrison,1
NZ47276,Brandon Morrison,1
NZ95299,Brandon Nelson,1
NZ23636,Brandon Patterson,1
NZ71563,Brandon Reid,1
NZ29786,Brandon Roberts,1
NZ34637,Brandon Rose,1
NZ13491,Brandon Shaw,1
NZ80847,Brandon Tucker,1
NZ66416,Brenda Jackson,1
NZ16052,Brenda Miller,1
NZ13248,Brenda Montgomery,1
NZ50214,Brenda Murray,1
NZ39027,Brenda Wells,1
NZ99131,Brenda Wright,1
NZ59198,Brian Clark,1
NZ45344,Brian Cook,1
NZ92044,Brian Flores,1
NZ30551,Brian Flores,1
NZ18498,Brian Garza,1
NZ82305,Brian Hudson,1
NZ47099,Brian Jacobs,1
NZ66931,Brian Kelley,1
NZ25733,Brian Lawrence,1
NZ23792,Brian Lawrence,1
NZ54434,Brian Morgan,1
NZ59205,Brian Owens,1
NZ30253,Brian Payne,1
NZ43584,Brian Powell,1
NZ17701,Brian Ramos,1
NZ78119,Brian Richardson,1
NZ95651,Brian Richardson,1
NZ56377,Brian Robinson,1
NZ79787,Brian Rose,1
NZ61793,Brian Smith,1
NZ18979,Brian Stevens,1
NZ48032,Brian Stevens,1
NZ22525,Brian Stewart,1
NZ86849,Brian Torres,1
NZ77195,Bruce Banks,1
NZ22385,Bruce Day,1
NZ42335,Bruce Ford,1
NZ27105,Bruce Greene,1
NZ82248,Bruce Hicks,1
NZ45092,Bruce Johnston,1
NZ78584,Bruce Lopez,1
NZ77723,Bruce Peterson,1
NZ74300,Bruce Romero,1
NZ95431,Bruce Rose,1
NZ13792,Bruce Smith,1
NZ53034,Bruce Vasquez,1
NZ36415,Bruce Washington,1
NZ62324,Bruce White,1
NZ57619,Carl Bailey,1
NZ99691,Carl Gutierrez,1
NZ69088,Carl Jordan,1
NZ90967,Carl Kim,1
NZ69251,Carl King,1
NZ70508,Carl Knight,1
NZ41288,Carl Lewis,1
NZ40785,Carl Martin,1
NZ61936,Carl Mitchell,1
NZ15796,Carl Nichols,1
NZ29396,Carl Palmer,1
NZ83783,Carl Peters,1
NZ56074,Carl Peterson,1
NZ47299,Carl Price,1
NZ60540,Carl Reed,1
NZ45023,Carl Robinson,1
NZ80646,Carl Ross,1
NZ32278,Carl Shaw,1
NZ83775,Carl Thompson,1
NZ54288,Carl Webb,1
NZ86574,Carlos Anderson,1
NZ73287,Carlos Andrews,1
NZ26586,Carlos Armstrong,1
NZ43916,Carlos Black,1
NZ49223,Carlos Castillo,1
NZ42541,Carlos Cook,1
NZ60228,Carlos Day,1
NZ25120,Carlos Griffin,1
NZ31659,Carlos Howard,1
NZ82903,Carlos Hudson,1
NZ56356,Carlos Kelly,1
NZ25035,Carlos King,1
NZ72934,Carlos Little,1
NZ21443,Carlos Lopez,1
NZ54373,Carlos Marshall,1
NZ36471,Carlos Martin,1
NZ51577,Carlos Miller,1
NZ17897,Carlos Moore,1
NZ30766,Carlos Moreno,1
NZ35349,Carlos Myers,1
NZ73841,Carlos Ray,1
NZ94410,Carlos Rogers,1
NZ64440,Carlos Romero,1
NZ70209,Carlos Ryan,1
NZ36600,Carlos Watkins,1
NZ56317,Carlos Wilson,1
NZ22605,Carol Carpenter,1
NZ51774,Carol Collins,1
NZ61397,Carol Duncan,1
NZ43846,Carol Freeman,1
NZ37255,Carol Gibson,1
NZ33884,Carol Gonzalez,1
NZ30260,Carol Jones,1
NZ47843,Carol Mason,1
NZ88994,Carol Stanley,1
NZ48488,Carol Warren,1
NZ30192,Carolyn Alexander,1
NZ37670,Carolyn Black,1
NZ84755,Carolyn Holmes,1
NZ20608,Carolyn Hunt,1
NZ43700,Carolyn Kelly,1
NZ29286,Carolyn Martinez,1
NZ90107,Carolyn Peterson,1
NZ43081,Carolyn Price,1
NZ92174,Carolyn Reid,1
NZ87656,Carolyn Rose,1
NZ60476,Carolyn Ross,1
NZ25843,Carolyn Snyder,1
NZ36106,Carolyn Snyder,1
NZ71917,Carolyn Thompson,1
NZ76794,Carolyn Tucker,1
NZ85022,Carolyn Wagner,1
NZ74089,Carolyn Wilson,1
NZ39658,Carolyn Wright,1
NZ20755,Catherine Bell,1
NZ60465,Catherine Bryant,1
NZ96473,Catherine Carter,1
NZ95893,Catherine Edwards,1
NZ19308,Catherine Garrett,1
NZ29107,Catherine Jackson,1
NZ42387,Catherine Robinson,1
NZ50054,Catherine Walker,1
NZ20631,Catherine Weaver,1
NZ40705,Charles Andrews,1
NZ56058,Charles Banks,1
NZ21009,Charles Bryant,1
NZ44502,Charles Cole,1
NZ80089,Charles Day,1
NZ66490,Charles Gardner,1
NZ58373,Charles Green,1
NZ63706,Charles Hicks,1
NZ31525,Charles Howard,1
NZ82789,Charles Kelly,1
NZ87812,Charles Long,1
NZ59614,Charles Lopez,1
NZ60309,Charles Martin,1
NZ20569,Charles Martinez,1
NZ59595,Charles Porter,1
NZ49261,Charles Powell,1
NZ17019,Charles Richards,1
NZ55044,Charles Rose,1
NZ17713,Charles Simmons,1
NZ37278,Charles Thompson,1
NZ40896,Charles Tucker,1
NZ86901,Cheryl Allen,1
NZ57459,Cheryl Clark,1
NZ45293,Cheryl Duncan,1
NZ88225,Cheryl Fox,1
NZ35689,Cheryl Garrett,1
NZ69109,Cheryl Gordon,1
NZ86966,Cheryl Hunter,1
NZ86236,Cheryl Hunter,1
NZ33219,Cheryl Long,1
NZ93310,Cheryl Stewart,1
NZ46043,Cheryl Turner,1
NZ35866,Chris Barnes,1
NZ15036,Chris Cox,1
NZ52771,Chris Greene,1
NZ81334,Chris Gutierrez,1
NZ28042,Chris Hall,1
NZ66755,Chris Hernandez,1
NZ30644,Chris Hill,1
NZ37613,Chris Hunter,1
NZ28733,Chris Larson,1
NZ94380,Chris Meyer,1
NZ15290,Chris Nelson,1
NZ56540,Chris Ortiz,1
NZ72258,Chris Patterson,1
NZ50261,Chris Reyes,1
NZ51161,Chris Richards,1
NZ42646,Chris Ross,1
NZ48638,Chris Walker,1
NZ82676,Chris Wallace,1
NZ90911,Chris White,1
NZ67594,Christina Alvarez,1
NZ97656,Christina Boyd,1
NZ49313,Christina Crawford,1
NZ92525,Christina Evans,1
NZ62378,Christina Hunt,1
NZ58727,Christina Larson,1
NZ73272,Christina Marshall,1
NZ78997,Christina Perry,1
NZ84825,Christina Powell,1
NZ79201,Christine Allen,1
NZ58912,Christine Bailey,1
NZ67603,Christine Bell,1
NZ24293,Christine Black,1
NZ36120,Christine Butler,1
NZ29124,Christine Carr,1
NZ78041,Christine Davis,1
NZ74213,Christine Dixon,1
NZ98512,Christine Graham,1
NZ28537,Christine Mason,1
NZ76385,Christine Robertson,1
NZ26295,Christine Ryan,1
NZ76287,Christine Stephens,1
NZ37195,Christine Williams,1
NZ28190,Christopher Alvarez,1
NZ99855,Christopher Cooper,1
NZ25702,Christopher Cox,1
NZ42481,Christopher Diaz,1
NZ21279,Christopher Evans,1
NZ96926,Christopher Garcia,1
NZ50904,Christopher Gonzales,1
NZ76632,Christopher Harper,1
NZ42604,Christopher Lewis,1
NZ27266,Christopher Murphy,1
NZ31739,Christopher Price,1
NZ41653,Christopher Reynolds,1
NZ62985,Christopher Roberts,1
NZ46699,Christopher Sanchez,1
NZ46101,Christopher Watson,1
NZ35485,Christopher Webb,1
NZ81572,Christopher West,1
NZ14935,Christopher Woods,1
NZ73582,Christopher Wright,1
NZ63160,Clarence Baker,1
NZ70846,Clarence Burton,1
NZ82699,Clarence Butler,1
NZ48477,Clarence Carr,1
NZ93267,Clarence Chavez,1
NZ47408,Clarence Cox,1
NZ77366,Clarence Foster,1
NZ65604,Clarence Frazier,1
NZ22373,Clarence Hart,1
NZ95921,Clarence Lawrence,1
NZ69484,Clarence Matthews,1
NZ35242,Clarence Matthews,1
NZ73662,Clarence Moreno,1
NZ95008,Clarence Murray,1
NZ35314,Clarence Price,1
NZ40471,Clarence Reed,1
NZ91520,Clarence Rivera,1
NZ57481,Clarence Sullivan,1
NZ50596,Clarence Willis,1
NZ74738,Craig Baker,1
NZ84908,Craig Bell,1
NZ73388,Craig Daniels,1
NZ91174,Craig Hall,1
NZ70565,Craig Hansen,1
NZ33945,Craig Hudson,1
NZ21028,Craig James,1
NZ38737,Craig Lee,1
NZ49390,Craig Morgan,1
NZ34798,Craig Myers,1
NZ96220,Craig Ruiz,1
NZ45589,Craig Ryan,1
NZ46573,Craig Stewart,1
NZ72586,Craig Wagner,1
NZ20637,Craig Young,1
NZ53168,Cynthia Edwards,1
NZ41224,Cynthia Gibson,1
NZ74794,Cynthia Hudson,1
NZ71996,Cynthia Jacobs,1
NZ32364,Cynthia Jones,1
NZ52398,Cynthia Jones,1
NZ79266,Cynthia Mcdonald,1
NZ26568,Cynthia Perkins,1
NZ50912,Cynthia Porter,1
NZ67270,Cynthia Roberts,1
NZ35800,Cynthia Rogers,1
NZ14852,Cynthia Snyder,1
NZ42163,Cynthia Wheeler,1
NZ26451,Daniel Burke,1
NZ56121,Daniel Crawford,1
NZ78069,Daniel Fields,1
NZ63638,Daniel Flores,1
NZ38974,Daniel Garcia,1
NZ82767,Daniel Gomez,1
NZ92500,Daniel Gomez,1
NZ75964,Daniel Harris,1
NZ96588,Daniel Johnson,1
NZ70540,Daniel Jordan,1
NZ39614,Daniel Lewis,1
NZ24309,Daniel Marshall,1
NZ50293,Daniel Martin,1
NZ17740,Daniel Morrison,1
NZ59824,Daniel Porter,1
NZ66087,Daniel Ray,1
NZ24817,Daniel Sims,1
NZ47130,Daniel Stewart,1
NZ92553,Daniel Thompson,1
NZ99904,Daniel Tucker,1
NZ87901,Daniel Welch,1
NZ50563,Daniel White,1
NZ77256,David Austin,1
NZ34859,David Fernandez,1
NZ96933,David Gomez,1
NZ59444,David Graham,1
NZ42885,David Grant,1
NZ63200,David Harris,1
NZ18560,David Holmes,1
NZ89708,David Howell,1
NZ24344,David Jackson,1
NZ56452,David Johnston,1
NZ44333,David Lane,1
NZ22152,David Larson,1
NZ32055,David Little,1
NZ53003,David Miller,1
NZ68149,David Porter,1
NZ72946,David Rice,1
NZ54314,David Russell,1
NZ44815,David Stevens,1
NZ29589,Deborah Armstrong,1
NZ97223,Deborah Diaz,1
NZ44323,Deborah Freeman,1
NZ19673,Deborah James,1
NZ62715,Deborah Moore,1
NZ14766,Debra Mendoza,1
NZ98549,Debra Mills,1
NZ96410,Debra Montgomery,1
NZ89076,Debra Moreno,1
NZ33307,Debra Morgan,1
NZ59471,Debra Murray,1
NZ79851,Debra Nichols,1
NZ23766,Denise Campbell,1
NZ39837,Denise Carpenter,1
NZ13419,Denise Garza,1
NZ83055,Denise Gordon,1
NZ60784,Denise Greene,1
NZ76021,Denise Hamilton,1
NZ35253,Denise Hamilton,1
NZ81099,Denise Hayes,1
NZ38266,Denise Hayes,1
NZ50412,Denise Long,1
NZ51488,Denise Mason,1
NZ70935,Denise Murray,1
NZ45822,Denise Payne,1
NZ52850,Denise Wood,1
NZ79565,Dennis Alexander,1
NZ41934,Dennis Baker,1
NZ24774,Dennis Berry,1
NZ96211,Dennis Chapman,1
NZ65796,Dennis Day,1
NZ81423,Dennis Hanson,1
NZ34775,Dennis Hart,1
NZ92239,Dennis Long,1
NZ38076,Dennis Oliver,1
NZ77629,Dennis Owens,1
NZ80015,Dennis Palmer,1
NZ59125,Diana Daniels,1
NZ99234,Diana Meyer,1
NZ34442,Diana Ross,1
NZ85041,Diana Smith,1
NZ61531,Diana Walker,1
NZ43511,Diana Wilson,1
NZ21599,Diane Clark,1
NZ89957,Diane Davis,1
NZ76383,Diane Fuller,1
NZ47424,Diane James,1
NZ55690,Diane Lewis,1
NZ87428,Diane Mccoy,1
NZ19004,Diane Montgomery,1
NZ65802,Diane Phillips,1
NZ65548,Diane Riley,1
NZ72739,Diane Watson,1
NZ45220,Donald Alexander,1
NZ96568,Donald Allen,1
NZ38948,Donald Bennett,1
NZ69069,Donald Butler,1
NZ31177,Donald Coleman,1
NZ75060,Donald Fields,1
NZ70927,Donald Hanson,1
NZ91327,Donald Howell,1
NZ77948,Donald Jordan,1
NZ44868,Donald Martin,1
NZ48741,Donald Sullivan,1
NZ47522,Donald Wagner,1
NZ16521,Donald White,1
NZ40619,Donna Fox,1
NZ83420,Donna Frazier,1
NZ59695,Donna Hamilton,1
NZ68021,Donna Hayes,1
NZ44974,Donna Martin,1
NZ33571,Donna Mcdonald,1
NZ59539,Donna Meyer,1
NZ61012,Donna Moreno,1
NZ44048,Donna Reid,1
NZ28655,Donna Robertson,1
NZ46289,Doris Anderson,1
NZ66976,Doris Anderson,1
NZ52692,Doris Carroll,1
NZ51766,Doris Clark,1
NZ66083,Doris Griffin,1
NZ57999,Doris Hill,1
NZ75034,Doris James,1
NZ49543,Doris Lynch,1
NZ21058,Doris Palmer,1
NZ78803,Doris Rose,1
NZ66161,Doris Stewart,1
NZ45403,Dorothy Harris,1
NZ36692,Dorothy Kennedy,1
NZ85074,Dorothy Lane,1
NZ98387,Dorothy Reed,1
NZ19265,Dorothy Reyes,1
NZ73319,Dorothy Rice,1
NZ86039,Dorothy Ross,1
NZ16810,Douglas Allen,1
NZ26959,Douglas Andrews,1
NZ50358,Douglas Carr,1
NZ48103,Douglas Cole,1
NZ76782,Douglas Flores,1
NZ30891,Douglas Freeman,1
NZ83165,Douglas Gardner,1
NZ80720,Douglas Gibson,1
NZ19235,Douglas Gilbert,1
NZ44531,Douglas Gomez,1
NZ97391,Douglas Gonzalez,1
NZ48964,Douglas Hughes,1
NZ86268,Douglas Jacobs,1
NZ84144,Douglas Olson,1
NZ90097,Douglas Russell,1
NZ73731,Douglas Schmidt,1
NZ55587,Douglas Sullivan,1
NZ70570,Douglas Vasquez,1
NZ86759,Douglas Washington,1
NZ95665,Douglas Weaver,1
NZ58104,Douglas West,1
NZ81046,Earl Alexander,1
NZ22592,Earl Butler,1
NZ30571,Earl Carter,1
NZ83250,Earl Davis,1
NZ43149,Earl Freeman,1
NZ66827,Earl Hall,1
NZ50985,Earl Harris,1
NZ89040,Earl Hart,1
NZ15747,Earl Jordan,1
NZ37319,Earl Kennedy,1
NZ78133,Earl Little,1
NZ54922,Earl Mccoy,1
NZ24529,Earl Murray,1
NZ19405,Earl Ortiz,1
NZ77703,Earl Payne,1
NZ82331,Earl Perez,1
NZ46584,Earl Peters,1
NZ53058,Earl Powell,1
NZ29085,Earl Ramos,1
NZ71868,Earl Richardson,1
NZ23199,Earl Schmidt,1
NZ35208,Earl Wagner,1
NZ78530,Earl Weaver,1
NZ47775,Edward Bell,1
NZ70450,Edward Evans,1
NZ48252,Edward Fowler,1
NZ31444,Edward Gordon,1
NZ22819,Edward Hicks,1
NZ23104,Edward Jackson,1
NZ16415,Edward Little,1
NZ16110,Edward Mendoza,1
NZ74531,Edward Mitchell,1
NZ46536,Edward Perry,1
NZ56244,Edward Taylor,1
NZ63102,Edward Tucker,1
NZ35165,Edward Wilson,1
NZ98233,Elizabeth Adams,1
NZ93272,Elizabeth Diaz,1
NZ40646,Elizabeth Greene,1
NZ89099,Elizabeth Lane,1
NZ21667,Elizabeth Mendoza,1
NZ86610,Emily Arnold,1
NZ18304,Emily Bishop,1
NZ52284,Emily Bryant,1
NZ34739,Emily Garza,1
NZ17593,Emily Price,1
NZ18812,Emily Ruiz,1
NZ93572,Emily Stewart,1
NZ82515,Emily Sullivan,1
NZ73501,Eric Armstrong,1
NZ52847,Eric Burke,1
NZ17499,Eric Carr,1
NZ94273,Eric Castillo,1
NZ15145,Eric Chavez,1
NZ64752,Eric Cunningham,1
NZ78744,Eric Davis,1
NZ91417,Eric Evans,1
NZ60299,Eric Hanson,1
NZ15060,Eric Harrison,1
NZ61440,Eric Jordan,1
NZ15092,Eric Mendoza,1
NZ57502,Eric Nichols,1
NZ45063,Eric Reynolds,1
NZ96098,Eric Sullivan,1
NZ60913,Eric Taylor,1
NZ85850,Eric Thompson,1
NZ91691,Eric Thompson,1
NZ28314,Eric Ward,1
NZ80508,Ernest Boyd,1
NZ48810,Ernest Butler,1
NZ51261,Ernest Davis,1
NZ65893,Ernest Dunn,1
NZ55096,Ernest Fernandez,1
NZ33047,Ernest Gomez,1
NZ21853,Ernest Gutierrez,1
NZ38895,Ernest Jenkins,1
NZ97635,Ernest Knight,1
NZ79699,Ernest Long,1
NZ45732,Ernest Montgomery,1
NZ88033,Ernest Nguyen,1
NZ31887,Ernest Oliver,1
NZ69222,Ernest Reynolds,1
NZ39352,Ernest Sims,1
NZ87140,Ernest Smith,1
NZ54286,Ernest Stewart,1
NZ91832,Ernest Wood,1
NZ65408,Eugene Allen,1
NZ39173,Eugene Austin,1
NZ47091,Eugene Banks,1
NZ40402,Eugene Berry,1
NZ79637,Eugene Boyd,1
NZ48525,Eugene Boyd,1
NZ34342,Eugene Brooks,1
NZ38977,Eugene Brown,1
NZ98087,Eugene Castillo,1
NZ75181,Eugene Collins,1
NZ87020,Eugene Fuller,1
NZ38267,Eugene Henderson,1
NZ70122,Eugene Johnson,2
NZ82740,Eugene Jordan,1
NZ96496,Eugene Kelly,1
NZ87284,Eugene Morales,1
NZ50530,Eugene Myers,1
NZ29475,Eugene Oliver,1
NZ28755,Eugene Robinson,1
NZ24422,Eugene Rodriguez,1
NZ60176,Eugene Ryan,1
NZ97246,Eugene Sanchez,1
NZ54797,Eugene Scott,1
NZ31252,Eugene Spencer,1
NZ71806,Evelyn Davis,1
NZ33086,Evelyn Flores,1
NZ89715,Evelyn Gilbert,1
NZ63630,Evelyn Hamilton,1
NZ92942,Evelyn Murray,1
NZ69120,Evelyn Peterson,1
NZ35876,Evelyn Ramirez,1
NZ54803,Evelyn Reynolds,1
NZ94833,Evelyn Roberts,1
NZ13898,Evelyn Taylor,1
NZ29312,Frances Austin,1
NZ81554,Frances Bell,1
NZ60293,Frances Cox,1
NZ81182,Frances Gibson,1
NZ12706,Frances Gilbert,1
NZ66559,Frances Harrison,1
NZ59922,Frances Hughes,1
NZ73711,Frances Hunt,1
NZ37142,Frances Ray,1
NZ91861,Frank Adams,1
NZ17524,Frank Alvarez,1
NZ71139,Frank Arnold,1
NZ46654,Frank Bennett,1
NZ52278,Frank Brown,1
NZ16285,Frank Cole,1
NZ85827,Frank Cruz,1
NZ33862,Frank Daniels,1
NZ15083,Frank Ferguson,1
NZ76909,Frank Fox,1
NZ49907,Frank Fox,1
NZ97044,Frank Franklin,1
NZ13115,Frank Gilbert,1
NZ19673,Frank Harper,2
NZ50174,Frank Howell,1
NZ92210,Frank James,1
NZ33984,Frank Marshall,1
NZ23568,Frank Moreno,1
NZ28842,Frank Nelson,1
NZ95525,Frank Nelson,1
NZ83063,Frank Owens,1
NZ43567,Frank Ramirez,1
NZ54963,Frank Rivera,1
NZ17854,Frank Turner,1
NZ99578,Frank Walker,1
NZ12887,Fred Armstrong,1
NZ32603,Fred Baker,1
NZ45882,Fred Castillo,1
NZ57702,Fred Cole,1
NZ64873,Fred Cook,1
NZ16622,Fred Fernandez,1
NZ33202,Fred Ford,1
NZ94650,Fred Jordan,1
NZ63043,Fred Larson,1
NZ60929,Fred Lynch,1
NZ54599,Fred Ray,1
NZ19583,Fred Reyes,1
NZ74432,Fred Richardson,1
NZ65402,Fred Rivera,1
NZ72327,Fred Schmidt,1
NZ95869,Fred Welch,1
NZ25443,Fred White,1
NZ46268,Fred Wilson,1
NZ40602,Fred Woods,1
NZ89391,Gary Baker,1
NZ17984,Gary Bell,1
NZ67155,Gary Berry,1
NZ73333,Gary Ellis,1
NZ49707,Gary Garcia,1
NZ52066,Gary Griffin,1
NZ77847,Gary Hanson,1
NZ96585,Gary Hanson,1
NZ86179,Gary Howard,1
NZ85958,Gary Hunt,1
NZ95448,Gary Jenkins,1
NZ96715,Gary King,1
NZ54844,Gary Long,1
NZ97947,Gary Lopez,1
NZ40901,Gary Mccoy,1
NZ80344,Gary Morgan,1
NZ85232,Gary Perkins,1
NZ65206,Gary Reynolds,1
NZ56906,Gary Rivera,1
NZ53170,Gary Stanley,1
NZ39108,Gary Taylor,1
NZ13323,Gary Wheeler,1
NZ77252,George Alexander,1
NZ65854,George Bailey,1
NZ56740,George Cooper,1
NZ17448,George Fowler,1
NZ39698,George George,1
NZ99269,George Gilbert,1
NZ50411,George Johnston,1
NZ48103,George Jones,2
NZ42846,George Martinez,1
NZ95786,George Medina,1
NZ83107,George Murray,1
NZ92265,George Nguyen,1
NZ57498,George Palmer,1
NZ65691,George Price,1
NZ75882,George Reid,1
NZ59374,George Roberts,1
NZ17042,George Shaw,1
NZ55731,George Shaw,1
NZ96166,George Simmons,1
NZ66104,George Thomas,1
NZ65980,George Watkins,1
NZ27565,George Watson,1
NZ85245,George Young,1
NZ59220,Gerald Berry,1
NZ78244,Gerald Bowman,1
NZ46447,Gerald Cooper,1
NZ14313,Gerald Dunn,1
NZ52909,Gerald Frazier,2
NZ30950,Gerald Griffin,1
NZ20616,Gerald Harrison,1
NZ69214,Gerald Harrison,1
NZ32633,Gerald Lee,1
NZ63281,Gerald Montgomery,1
NZ67115,Gerald Moore,1
NZ61299,Gerald Owens,1
NZ84197,Gerald Ramos,1
NZ77741,Gerald Richards,1
NZ55295,Gerald Richardson,1
NZ15278,Gerald Stone,1
NZ76462,Gloria Carpenter,1
NZ79604,Gloria Ferguson,1
NZ94313,Gloria Gibson,1
NZ51179,Gloria Hall,1
NZ88113,Gloria Roberts,1
NZ96627,Gloria Welch,1
NZ47039,Gloria Williamson,1
NZ92786,Gregory Brown,1
NZ26273,Gregory Cunningham,1
NZ68220,Gregory Garrett,1
NZ42566,Gregory Gonzalez,1
NZ72250,Gregory Hill,1
NZ82994,Gregory Jackson,1
NZ86593,Gregory Johnston,1
NZ50683,Gregory Mason,1
NZ43081,Gregory Meyer,2
NZ45186,Gregory Price,1
NZ12660,Gregory Reed,1
NZ34064,Gregory Reyes,1
NZ45460,Gregory Richards,1
NZ15294,Gregory Rivera,1
NZ63017,Gregory Roberts,1
NZ78861,Gregory Torres,1
NZ28425,Gregory West,1
NZ35560,Harold Butler,1
NZ61230,Harold Butler,1
NZ73185,Harold Crawford,1
NZ71209,Harold Gilbert,1
NZ69875,Harold Graham,1
NZ69409,Harold Hall,1
NZ69220,Harold Hanson,1
NZ60054,Harold Hart,1
NZ40048,Harold Hunt,2
NZ53006,Harold Kelly,1
NZ32424,Harold Knight,1
NZ79704,Harold Marshall,1
NZ25425,Harold Matthews,1
NZ59891,Harold Oliver,1
NZ51370,Harold Parker,1
NZ32752,Harold Ruiz,1
NZ97485,Harold Ryan,1
NZ89040,Harold Williams,2
NZ18663,Harold Wood,1
NZ93571,Harold Young,1
NZ93602,Harry Burke,1
NZ81510,Harry Burns,1
NZ79743,Harry Fields,1
NZ91720,Harry Gibson,1
NZ35316,Harry Holmes,1
NZ54595,Harry Lawson,1
NZ37820,Harry Martin,1
NZ93375,Harry Medina,1
NZ24996,Harry Oliver,1
NZ37918,Harry Payne,1
NZ71352,Harry Phillips,1
NZ46401,Harry Ryan,1
NZ49953,Harry Smith,1
NZ87441,Harry Thomas,1
NZ62329,Harry Walker,1
NZ70843,Harry Ward,1
NZ27143,Harry Watson,1
NZ27188,Harry Weaver,1
NZ54576,Heather Day,1
NZ22943,Heather Fowler,1
NZ33290,Heather Hawkins,1
NZ57483,Heather Mendoza,1
NZ43447,Heather Myers,1
NZ27011,Heather Nguyen,1
NZ18901,Heather Palmer,1
NZ96601,Heather Patterson,1
NZ96321,Heather Perez,1
NZ77016,Heather Phillips,1
NZ19657,Heather Ryan,1
NZ67674,Heather Shaw,1
NZ12811,Heather Stewart,1
NZ31796,Heather Welch,1
NZ48318,Helen Bradley,1
NZ66416,Helen Brooks,2
NZ90141,Helen Evans,1
NZ72147,Helen Harrison,1
NZ59219,Helen Jenkins,1
NZ66045,Helen Meyer,1
NZ17356,Helen Patterson,1
NZ23466,Helen Pierce,1
NZ82408,Henry Chapman,1
NZ70060,Henry Garrett,1
NZ55475,Henry Grant,1
NZ51890,Henry Harrison,1
NZ16958,Henry Holmes,1
NZ95108,Henry Little,1
NZ21000,Henry Mills,1
NZ97227,Henry Roberts,1
NZ79396,Henry Stanley,1
NZ61538,Henry Williamson,1
NZ93355,Henry Wood,1
NZ94102,Howard Carr,1
NZ99892,Howard Clark,1
NZ58524,Howard Coleman,1
NZ38378,Howard Cox,1
NZ16245,Howard Evans,1
NZ50427,Howard Frazier,1
NZ49091,Howard Hill,1
NZ94590,Howard Hunt,1
NZ49045,Howard Hunter,1
NZ78617,Howard Jordan,1
NZ41463,Howard Larson,1
NZ24069,Howard Little,1
NZ84095,Howard Mitchell,1
NZ68824,Howard Patterson,1
NZ52128,Howard Reed,1
NZ55402,Howard Simmons,1
NZ50610,Howard Stephens,1
NZ74203,Howard Webb,1
NZ51758,Howard White,1
NZ36951,Howard White,1
NZ35821,Irene Barnes,1
NZ35684,Irene Bell,1
NZ94947,Irene Cooper,1
NZ36108,Irene Hall,1
NZ38794,Irene Parker,1
NZ31048,Irene Phillips,1
NZ90650,Irene Reynolds,1
NZ56984,Irene Rogers,1
NZ14072,Irene Simmons,1
NZ99374,Irene Thomas,1
NZ95215,Irene Willis,1
NZ21262,Irene Wood,1
NZ96756,Jack Allen,1
NZ28503,Jack Coleman,1
NZ98223,Jack Gardner,1
NZ98503,Jack Griffin,1
NZ73867,Jack Harris,1
NZ36809,Jack Kelly,1
NZ76864,Jack Lewis,1
NZ43779,Jack Meyer,1
NZ85411,Jack Morrison,1
NZ53480,Jack Palmer,1
NZ73983,Jack Richardson,1
NZ20927,Jack Richardson,1
NZ26350,Jack Rodriguez,1
NZ47860,Jack Sanchez,1
NZ63136,Jack Scott,1
NZ24266,Jack Spencer,1
NZ46105,Jack Sullivan,1
NZ83985,Jack Watkins,1
NZ35484,Jack White,1
NZ33915,Jack Willis,1
NZ29284,Jack Wood,1
NZ98847,Jacqueline Boyd,1
NZ26127,Jacqueline Hill,1
NZ65923,Jacqueline Hughes,1
NZ63563,Jacqueline Jacobs,1
NZ19399,Jacqueline Martin,1
NZ96246,Jacqueline Moreno,1
NZ51619,Jacqueline Stephens,1
NZ48072,Jacqueline Thompson,1
NZ41761,Jacqueline Watkins,1
NZ24341,Jacqueline Wells,1
NZ76171,Jacqueline Williamson,1
NZ22264,James Burton,1
NZ46113,James Cole,1
NZ76462,James Collins,2
NZ77237,James Fuller,1
NZ24755,James Gardner,1
NZ50377,James Gilbert,1
NZ75973,James Grant,1
NZ14715,James Lane,1
NZ64701,James Olson,1
NZ48642,James Parker,1
NZ69949,James Payne,1
NZ22297,James Ross,1
NZ45051,James Sanchez,1
NZ90486,James Schmidt,1
NZ22081,James Stone,1
NZ36038,Jane Bowman,1
NZ31787,Jane Cruz,1
NZ31057,Jane Freeman,1
NZ57917,Jane Hicks,1
NZ57611,Jane Montgomery,1
NZ19589,Jane Parker,1
NZ80195,Jane Price,1
NZ56438,Jane Reynolds,1
NZ59714,Janet Castillo,1
NZ90271,Janet Frazier,1
NZ51597,Janet Gordon,1
NZ24886,Janet Hill,1
NZ72909,Janet Martinez,1
NZ28276,Janet Morrison,1
NZ53005,Janet Nguyen,1
NZ36400,Janet Richards,1
NZ51180,Janet Weaver,1
NZ45574,Janice Foster,1
NZ75420,Janice Gray,1
NZ19945,Jason Allen,1
NZ93701,Jason Bradley,1
NZ89144,Jason Chavez,1
NZ21386,Jason Cunningham,1
NZ59330,Jason Edwards,1
NZ62400,Jason Foster,1
NZ86953,Jason Freeman,1
NZ50424,Jason Garcia,1
NZ57328,Jason Green,1
NZ21229,Jason Harvey,1
NZ20812,Jason Morgan,1
NZ53299,Jason Sims,1
NZ58319,Jason Stone,1
NZ99483,Jason Watson,1
NZ21098,Jason Woods,1
NZ67225,Jean Austin,1
NZ49172,Jean Cooper,1
NZ92064,Jean Crawford,1
NZ17259,Jean Morgan,1
NZ13347,Jean Reed,1
NZ66918,Jean Richards,1
NZ80870,Jean Stevens,1
NZ29470,Jean Wallace,1
NZ83479,Jean Watson,1
NZ37323,Jeffrey Adams,2
NZ61218,Jeffrey Allen,1
NZ58923,Jeffrey Black,1
NZ69719,Jeffrey Campbell,1
NZ13219,Jeffrey Carroll,1
NZ74106,Jeffrey Carroll,1
NZ27629,Jeffrey Collins,1
NZ42408,Jeffrey Cook,1
NZ35276,Jeffrey Edwards,1
NZ28392,Jeffrey Fuller,1
NZ20053,Jeffrey Gardner,1
NZ15990,Jeffrey Gardner,1
NZ32518,Jeffrey Gutierrez,1
NZ31637,Jeffrey Hernandez,1
NZ48107,Jeffrey Hughes,1
NZ92968,Jeffrey Hunt,1
NZ58198,Jeffrey James,1
NZ31886,Jeffrey Little,1
NZ50748,Jeffrey Martin,1
NZ59881,Jeffrey Mason,1
NZ97134,Jeffrey Morgan,1
NZ96083,Jeffrey Parker,1
NZ27981,Jeffrey Ramirez,1
NZ38321,Jeffrey Shaw,1
NZ24003,Jeffrey Taylor,1
NZ20476,Jeffrey Wagner,1
NZ26697,Jeffrey Watson,1
NZ57450,Jennifer Alvarez,1
NZ23783,Jennifer Alvarez,1
NZ83150,Jennifer Bailey,1
NZ77048,Jennifer Barnes,1
NZ78182,Jennifer Bennett,1
NZ18899,Jennifer Butler,1
NZ71063,Jennifer Cox,1
NZ15764,Jennifer Fields,1
NZ22902,Jennifer Fields,1
NZ97969,Jennifer Fisher,1
NZ73045,Jennifer Mcdonald,1
NZ57469,Jennifer Oliver,1
NZ13182,Jennifer Rice,1
NZ38406,Jennifer Sims,1
NZ51347,Jennifer Tucker,1
NZ91449,Jeremy Alexander,1
NZ32434,Jeremy Alexander,1
NZ96489,Jeremy Bowman,1
NZ69752,Jeremy Bryant,1
NZ36189,Jeremy Burton,1
NZ35191,Jeremy Duncan,1
NZ19395,Jeremy Fowler,1
NZ37643,Jeremy Freeman,1
NZ26169,Jeremy Garza,1
NZ41594,Jeremy Hamilton,1
NZ87824,Jeremy Hunter,1
NZ21018,Jeremy Jacobs,1
NZ63480,Jeremy Lopez,1
NZ52716,Jeremy Morris,1
NZ13977,Jeremy Ortiz,1
NZ99006,Jeremy Ray,1
NZ42259,Jeremy Sullivan,1
NZ60474,Jeremy Sullivan,1
NZ25256,Jeremy Thomas,1
NZ57724,Jeremy Woods,1
NZ82550,Jerry Burton,1
NZ97245,Jerry Fernandez,1
NZ63930,Jerry Fowler,1
NZ94165,Jerry Frazier,1
NZ90735,Jerry Graham,1
NZ80718,Jerry Hudson,1
NZ29174,Jerry Jackson,1
NZ48208,Jerry Mitchell,1
NZ98898,Jerry Morrison,1
NZ29999,Jerry Oliver,1
NZ94129,Jerry Rogers,1
NZ53254,Jesse Austin,1
NZ62166,Jesse Cox,1
NZ53812,Jesse Daniels,1
NZ26008,Jesse Day,1
NZ37063,Jesse Dunn,1
NZ35812,Jesse Ferguson,1
NZ45884,Jesse Frazier,1
NZ73710,Jesse Frazier,1
NZ67173,Jesse Garrett,1
NZ24037,Jesse George,1
NZ73301,Jesse Gray,1
NZ71209,Jesse Henderson,2
NZ46865,Jesse Hughes,1
NZ49418,Jesse Hughes,1
NZ37750,Jesse Kelly,1
NZ70183,Jesse Lane,1
NZ20615,Jesse Martinez,1
NZ65458,Jesse Matthews,1
NZ31280,Jesse Murphy,1
NZ39671,Jesse Perry,1
NZ52274,Jesse Peterson,1
NZ33767,Jesse Porter,1
NZ98674,Jesse Rice,1
NZ47710,Jesse Richards,1
NZ76672,Jesse Riley,1
NZ15798,Jesse Tucker,1
NZ69892,Jesse Wallace,1
NZ76422,Jesse White,1
NZ28199,Jesse Wood,1
NZ93171,Jesse Wright,1
NZ71720,Jessica Austin,1
NZ35302,Jessica Black,1
NZ56106,Jessica Howard,1
NZ86031,Jessica King,1
NZ60956,Jessica Martin,1
NZ23130,Jessica Moreno,1
NZ43367,Jessica Morris,1
NZ60063,Jessica Ruiz,1
NZ44846,Jessica Thompson,1
NZ95810,Jimmy Andrews,1
NZ21526,Jimmy Berry,1
NZ22602,Jimmy Brown,1
NZ62645,Jimmy Evans,1
NZ97355,Jimmy Gordon,1
NZ73526,Jimmy Hamilton,1
NZ38633,Jimmy Harper,1
NZ84558,Jimmy Palmer,1
NZ67613,Jimmy Ramos,1
NZ75515,Jimmy Ray,1
NZ49489,Jimmy Rivera,1
NZ41456,Jimmy Rogers,1
NZ35589,Jimmy Simpson,1
NZ68800,Jimmy Thompson,1
NZ19447,Jimmy Warren,1
NZ63877,Jimmy Watson,1
NZ43465,Jimmy Wheeler,1
NZ95185,Jimmy Willis,1
NZ84219,Jimmy Wright,1
NZ49461,Joan Allen,1
NZ99962,Joan Allen,1
NZ94055,Joan Bishop,1
NZ89674,Joan Castillo,1
NZ71712,Joan Day,1
NZ29309,Joan Duncan,1
NZ87900,Joan Martinez,1
NZ45334,Joan Mendoza,1
NZ98755,Joan Miller,1
NZ27926,Joan Montgomery,1
NZ96154,Joan Ortiz,1
NZ46964,Joan Vasquez,1
NZ74222,Joan Williams,1
NZ23721,Joan Williams,1
NZ73702,Joe Anderson,1
NZ42857,Joe Baker,1
NZ60147,Joe Carroll,1
NZ35875,Joe Freeman,1
NZ88703,Joe Garcia,1
NZ29049,Joe Garcia,1
NZ26629,Joe Gordon,1
NZ15214,Joe Green,1
NZ52037,Joe Harper,1
NZ94544,Joe Henderson,1
NZ52186,Joe Knight,1
NZ48405,Joe Lawrence,1
NZ91806,Joe Lawrence,1
NZ80690,Joe Mason,1
NZ78943,Joe Miller,1
NZ50993,Joe Moore,1
NZ96031,Joe Owens,1
NZ76179,Joe Phillips,1
NZ48640,Joe Porter,1
NZ25698,Joe Ward,1
NZ21564,Joe Wells,1
NZ87099,Joe West,1
NZ93494,John Banks,1
NZ56480,John Bennett,1
NZ14040,John Carr,1
NZ71795,John Chapman,1
NZ89861,John Coleman,1
NZ40136,John Cruz,1
NZ19666,John Daniels,1
NZ97314,John Davis,2
NZ98632,John Flores,1
NZ53236,John Frazier,1
NZ55883,John Gonzalez,1
NZ86466,John Hart,1
NZ41735,John Howell,1
NZ32319,John Lane,1
NZ58749,John Moreno,1
NZ48448,John Murray,1
NZ29763,John Parker,1
NZ13296,John Powell,1
NZ70928,John Riley,1
NZ82919,John Simpson,1
NZ21979,John Snyder,1
NZ15003,John Spencer,1
NZ65738,John Torres,1
NZ80231,John Warren,1
NZ31565,Johnny Baker,1
NZ68843,Johnny Bennett,1
NZ68544,Johnny Butler,1
NZ95385,Johnny Campbell,1
NZ13675,Johnny Castillo,1
NZ69939,Johnny Coleman,1
NZ52499,Johnny Cruz,1
NZ43964,Johnny Duncan,1
NZ97211,Johnny Fields,1
NZ47388,Johnny Garrett,1
NZ17254,Johnny Gray,1
NZ70317,Johnny Hawkins,1
NZ19327,Johnny Murphy,1
NZ16798,Johnny Nelson,1
NZ47511,Johnny Patterson,1
NZ34367,Johnny Richardson,1
NZ80089,Johnny Ryan,2
NZ30737,Johnny Spencer,1
NZ85846,Johnny Torres,1
NZ25670,Johnny Watkins,1
NZ61906,Johnny White,1
NZ51947,Jonathan Bryant,1
NZ58634,Jonathan Carr,1
NZ46455,Jonathan Duncan,1
NZ52971,Jonathan Fisher,1
NZ47766,Jonathan Gomez,1
NZ97304,Jonathan Gonzales,1
NZ93556,Jonathan Hanson,1
NZ51034,Jonathan Harper,1
NZ51658,Jonathan Harrison,1
NZ15581,Jonathan Hunter,1
NZ81182,Jonathan Larson,2
NZ64775,Jonathan Medina,1
NZ63272,Jonathan Mendoza,1
NZ43704,Jonathan Moreno,1
NZ87222,Jonathan Morris,1
NZ37311,Jonathan Nelson,1
NZ94566,Jonathan Parker,1
NZ61687,Jonathan Peterson,1
NZ52886,Jonathan Pierce,1
NZ70825,Jonathan Reed,1
NZ24265,Jonathan Riley,1
NZ81707,Jonathan Rodriguez,1
NZ28379,Jonathan Weaver,1
NZ95042,Jonathan Woods,1
NZ47190,Jose Anderson,1
NZ88769,Jose Berry,1
NZ23452,Jose Evans,1
NZ54772,Jose Fernandez,1
NZ76900,Jose Fox,1
NZ56474,Jose Gibson,1
NZ31625,Jose Hall,1
NZ82641,Jose Howell,1
NZ88782,Jose Jacobs,1
NZ76102,Jose King,1
NZ65151,Jose Martin,1
NZ79442,Jose Peters,1
NZ89708,Jose Romero,2
NZ94561,Jose Sanders,1
NZ88371,Jose Stanley,1
NZ85232,Jose Stewart,2
NZ30151,Jose Thomas,1
NZ42006,Jose Walker,1
NZ38595,Jose West,1
NZ46675,Jose Williamson,1
NZ20140,Joseph Adams,1
NZ41616,Joseph Arnold,1
NZ22467,Joseph Austin,1
NZ68777,Joseph Bradley,1
NZ41835,Joseph Burns,1
NZ40540,Joseph Burton,1
NZ54218,Joseph Butler,1
NZ24235,Joseph Fuller,1
NZ14540,Joseph Fuller,1
NZ34216,Joseph Gilbert,1
NZ95974,Joseph Grant,1
NZ41646,Joseph Gray,1
NZ31341,Joseph Kennedy,1
NZ70008,Joseph Morris,1
NZ47520,Joseph Morrison,1
NZ46908,Joseph Nelson,1
NZ52021,Joseph Nichols,1
NZ37741,Joseph Ray,1
NZ39781,Joseph Riley,1
NZ76215,Joseph Thomas,1
NZ51069,Joseph West,1
NZ96087,Joseph Young,1
NZ91822,Joshua Allen,1
NZ24079,Joshua Bennett,1
NZ62132,Joshua Bryant,1
NZ34986,Joshua Castillo,1
NZ21489,Joshua Clark,1
NZ74978,Joshua Fisher,1
NZ87995,Joshua Frazier,1
NZ62941,Joshua Gibson,1
NZ63712,Joshua Gray,1
NZ63334,Joshua Green,1
NZ93187,Joshua Green,1
NZ45957,Joshua Howard,1
NZ26283,Joshua Hughes,1
NZ71679,Joshua Little,1
NZ77134,Joshua Meyer,1
NZ35919,Joshua Moreno,1
NZ59974,Joshua Phillips,1
NZ96395,Joshua Pierce,1
NZ27930,Joshua Porter,1
NZ74150,Joshua Porter,1
NZ40311,Joshua Powell,1
NZ62967,Joshua Riley,1
NZ85859,Joshua Robertson,1
NZ61913,Joshua Stephens,1
NZ34231,Joshua Turner,1
NZ50523,Joshua Walker,1
NZ91231,Joshua Warren,1
NZ88784,Joshua Webb,1
NZ21309,Joshua Wheeler,1
NZ60303,Joshua Williams,1
NZ27334,Joyce Castillo,1
NZ82575,Joyce Gardner,1
NZ49097,Joyce Gilbert,1
NZ80593,Joyce Johnston,1
NZ42622,Joyce Nelson,1
NZ34623,Joyce Sanders,1
NZ69060,Joyce Smith,1
NZ32172,Joyce Stevens,1
NZ97275,Juan Allen,1
NZ72913,Juan Austin,1
NZ30423,Juan Bailey,1
NZ61862,Juan Burton,1
NZ31357,Juan Cole,1
NZ87086,Juan Diaz,1
NZ38742,Juan Evans,1
NZ36167,Juan Freeman,1
NZ75455,Juan Garcia,1
NZ90240,Juan Garza,1
NZ80931,Juan Griffin,1
NZ43327,Juan Hamilton,1
NZ64632,Juan Howell,1
NZ90697,Juan Hughes,1
NZ99500,Juan Kelley,1
NZ65897,Juan Lopez,1
NZ15455,Juan Perez,1
NZ88663,Juan Ramirez,1
NZ80050,Juan Reyes,1
NZ15363,Juan Riley,1
NZ35319,Juan Rivera,1
NZ32126,Juan Rose,1
NZ31435,Juan Torres,1
NZ93058,Judith Burke,1
NZ67097,Judith Burke,1
NZ53125,Judith Day,1
NZ55010,Judith Dixon,1
NZ79491,Judith Fox,1
NZ21974,Judith Frazier,1
NZ69783,Judith Greene,1
NZ94420,Judith Jacobs,1
NZ80645,Judith Mason,1
NZ81583,Judith Matthews,1
NZ46880,Judith Schmidt,1
NZ78571,Judith Tucker,1
NZ99025,Judy Allen,1
NZ76572,Judy Black,1
NZ33223,Judy Burton,1
NZ41281,Judy Cruz,1
NZ85021,Judy Fuller,1
NZ47852,Judy Gomez,1
NZ35589,Judy Lawrence,2
NZ19975,Judy Myers,1
NZ52032,Judy Williamson,1
NZ90745,Julia Alexander,1
NZ21206,Julia Cole,1
NZ64966,Julia Crawford,1
NZ38340,Julia Duncan,1
NZ64118,Julia Foster,1
NZ15006,Julia Gilbert,1
NZ95034,Julia Nichols,1
NZ90177,Julia Roberts,1
NZ65833,Julia Spencer,1
NZ66283,Julia Weaver,1
NZ69610,Julie Barnes,1
NZ65594,Julie Bennett,1
NZ79357,Julie Burton,1
NZ98413,Julie Crawford,1
NZ58253,Julie Cruz,1
NZ66207,Julie Fox,1
NZ78750,Julie Hawkins,1
NZ78424,Julie Snyder,1
NZ59876,Julie Stanley,1
NZ47326,Julie Wheeler,1
NZ87901,Justin Alvarez,2
NZ45614,Justin Bailey,1
NZ12601,Justin Bishop,1
NZ78351,Justin Bowman,1
NZ70337,Justin Brown,1
NZ99553,Justin Bryant,1
NZ73017,Justin Davis,1
NZ27796,Justin Day,1
NZ24921,Justin Dean,1
NZ99910,Justin Ferguson,1
NZ47950,Justin Hart,1
NZ33607,Justin Johnson,1
NZ17085,Justin Jones,1
NZ85295,Justin Kim,1
NZ45804,Justin Long,1
NZ68011,Justin Lynch,1
NZ56828,Justin Miller,1
NZ21889,Justin Moore,1
NZ51999,Justin Murphy,1
NZ70754,Justin Ramirez,1
NZ97419,Justin Rice,1
NZ41076,Justin Rice,1
NZ66753,Justin Robinson,1
NZ44786,Justin Romero,1
NZ72001,Justin Ryan,1
NZ32903,Justin Spencer,1
NZ76975,Justin Walker,1
NZ73125,Karen Black,1
NZ65418,Karen Black,1
NZ75661,Karen Bradley,1
NZ63717,Karen Carr,1
NZ95487,Karen Fields,1
NZ94614,Karen Hayes,1
NZ31054,Karen Matthews,1
NZ15466,Karen Meyer,1
NZ93407,Karen Morrison,1
NZ94783,Karen Nelson,1
NZ73281,Karen Ray,1
NZ62569,Karen Reynolds,1
NZ97632,Karen Simpson,1
NZ95957,Karen Thomas,1
NZ85584,Karen White,1
NZ36468,Katherine Gardner,1
NZ78167,Katherine Howell,1
NZ29427,Katherine Hudson,1
NZ39167,Katherine Larson,1
NZ97733,Katherine Lawson,1
NZ43444,Katherine Myers,1
NZ33084,Katherine Oliver,1
NZ60238,Katherine Reynolds,1
NZ33384,Katherine Watkins,1
NZ31246,Katherine Williams,1
NZ52571,Katherine Young,1
NZ27269,Kathleen Bradley,1
NZ74615,Kathleen Bryant,1
NZ70507,Kathleen Carpenter,1
NZ51561,Kathleen Ford,1
NZ46965,Kathleen Johnston,1
NZ20659,Kathleen Lee,1
NZ52657,Kathleen Mitchell,1
NZ89010,Kathleen Reed,1
NZ55454,Kathleen Riley,1
NZ49429,Kathleen Scott,1
NZ73558,Kathleen Smith,1
NZ67391,Kathleen Stewart,1
NZ62970,Kathleen Stone,1
NZ74028,Kathryn Brooks,1
NZ59202,Kathryn Campbell,1
NZ57474,Kathryn Daniels,1
NZ94062,Kathryn Graham,1
NZ47036,Kathryn Hill,1
NZ26284,Kathryn Johnson,1
NZ54417,Kathryn Lane,1
NZ49142,Kathryn Rose,1
NZ63920,Kathy Allen,1
NZ22076,Kathy Barnes,1
NZ50848,Kathy Carter,1
NZ22846,Kathy Ellis,1
NZ71580,Kathy Gilbert,1
NZ21399,Kathy Larson,1
NZ39119,Kathy Murphy,1
NZ34939,Kathy Patterson,1
NZ40866,Kathy Torres,1
NZ69076,Kathy Wheeler,1
NZ86889,Keith Alvarez,1
NZ89369,Keith Banks,1
NZ89530,Keith Davis,1
NZ17019,Keith Fuller,2
NZ91267,Keith Gonzalez,1
NZ44382,Keith Gordon,1
NZ65162,Keith Hansen,1
NZ32848,Keith Hernandez,1
NZ12762,Keith Hughes,1
NZ96115,Keith Larson,1
NZ96867,Keith Mason,1
NZ70343,Keith Moreno,1
NZ23675,Keith Price,1
NZ59872,Keith Ray,1
NZ23075,Keith Smith,1
NZ49489,Keith Weaver,2
NZ40870,Keith White,1
NZ48530,Keith Wright,1
NZ87256,Kelly Burton,1
NZ73753,Kelly Evans,1
NZ84015,Kelly Gonzalez,1
NZ85958,Kelly Grant,2
NZ94851,Kelly Lawrence,1
NZ90385,Kelly Moore,1
NZ47180,Kelly Price,1
NZ94062,Kelly Richards,2
NZ43437,Kelly Sanchez,1
NZ86910,Kelly Sullivan,1
NZ40740,Kenneth Alvarez,1
NZ94996,Kenneth Bailey,1
NZ94127,Kenneth Black,1
NZ13395,Kenneth Clark,1
NZ51913,Kenneth Cole,1
NZ71904,Kenneth Diaz,1
NZ95672,Kenneth Freeman,1
NZ18821,Kenneth Garcia,1
NZ59827,Kenneth Grant,1
NZ80666,Kenneth Harper,1
NZ59951,Kenneth Hart,1
NZ20371,Kenneth Hayes,1
NZ99616,Kenneth Hughes,1
NZ61281,Kenneth Kelley,1
NZ56739,Kenneth Lane,1
NZ45041,Kenneth Moreno,1
NZ68727,Kenneth Myers,1
NZ17798,Kenneth Perez,1
NZ49233,Kenneth Perkins,1
NZ93058,Kenneth Ramos,2
NZ49516,Kenneth Riley,1
NZ69189,Kenneth Schmidt,1
NZ21271,Kenneth Simmons,1
NZ83050,Kenneth Walker,1
NZ25060,Kevin Cole,1
NZ39952,Kevin Cruz,1
NZ29637,Kevin Cunningham,1
NZ46035,Kevin Davis,1
NZ42840,Kevin Diaz,1
NZ17543,Kevin Ellis,1
NZ54314,Kevin Gomez,2
NZ54908,Kevin Green,1
NZ54849,Kevin Harris,1
NZ42135,Kevin Kelley,1
NZ57483,Kevin Knight,2
NZ62222,Kevin Little,1
NZ93836,Kevin Matthews,1
NZ18267,Kevin Mcdonald,1
NZ15894,Kevin Medina,1
NZ18163,Kevin Perez,1
NZ25889,Kevin Perkins,1
NZ61166,Kevin Phillips,1
NZ37324,Kevin Schmidt,1
NZ98830,Kevin Walker,1
NZ98869,Kevin Ward,1
NZ67190,Kevin Ward,1
NZ93719,Kevin Warren,1
NZ53604,Kevin Weaver,1
NZ31887,Kevin Weaver,2
NZ56505,Kevin Williams,1
NZ63000,Kimberly Austin,1
NZ84879,Kimberly Frazier,1
NZ90597,Kimberly Garza,1
NZ41707,Kimberly Nelson,1
NZ48435,Kimberly Ortiz,1
NZ36608,Kimberly Schmidt,1
NZ40038,Kimberly Young,1
NZ32579,Larry Arnold,1
NZ42515,Larry Austin,1
NZ68590,Larry Baker,1
NZ60722,Larry Bowman,1
NZ96775,Larry Brooks,1
NZ78256,Larry Coleman,1
NZ31640,Larry Cooper,1
NZ61272,Larry Foster,1
NZ17839,Larry Gibson,1
NZ84182,Larry Gomez,1
NZ67567,Larry Graham,1
NZ70083,Larry Green,1
NZ16812,Larry Hamilton,1
NZ25757,Larry Johnston,1
NZ92423,Larry Kelley,1
NZ59407,Larry Kelley,1
NZ61086,Larry Marshall,1
NZ82494,Larry Mcdonald,1
NZ94167,Larry Phillips,1
NZ33629,Larry Pierce,1
NZ84870,Larry Ramirez,1
NZ56102,Larry Ray,1
NZ50691,Larry Russell,1
NZ66908,Larry Snyder,1
NZ71551,Larry Ward,1
NZ23889,Larry Weaver,1
NZ33792,Larry Young,1
NZ77027,Laura Burton,1
NZ50172,Laura Dean,1
NZ73969,Laura Ellis,1
NZ96324,Laura Fox,1
NZ86832,Laura Gray,1
NZ36436,Laura Griffin,1
NZ76818,Laura Hicks,1
NZ12704,Laura Lawrence,1
NZ32576,Laura Nguyen,1
NZ58635,Laura Simmons,1
NZ51353,Laura Taylor,1
NZ95721,Lawrence Berry,1
NZ71157,Lawrence Collins,1
NZ43545,Lawrence Evans,1
NZ84488,Lawrence Ferguson,1
NZ48116,Lawrence Gibson,1
NZ29679,Lawrence Harrison,1
NZ86823,Lawrence Henry,1
NZ47171,Lawrence Jenkins,1
NZ48905,Lawrence Lopez,1
NZ93864,Lawrence Medina,1
NZ54473,Lawrence Mitchell,1
NZ15556,Lawrence Morales,1
NZ42900,Lawrence Morgan,1
NZ87324,Lawrence Myers,1
NZ86054,Lawrence Myers,1
NZ61194,Lawrence Perry,1
NZ25459,Lawrence Powell,1
NZ40338,Lawrence Ray,1
NZ20426,Lawrence Rice,1
NZ67206,Lawrence Richardson,1
NZ41655,Lawrence Rose,1
NZ39191,Lawrence Ruiz,1
NZ62445,Lawrence Tucker,1
NZ15980,Lawrence Vasquez,1
NZ37064,Lawrence Watkins,1
NZ13711,Lawrence Williamson,1
NZ31953,Lawrence Wilson,1
NZ88698,Lillian Arnold,1
NZ86703,Lillian Bell,1
NZ19011,Lillian Burns,1
NZ67268,Lillian Carroll,1
NZ23438,Lillian Ellis,1
NZ58643,Lillian Fisher,1
NZ26234,Lillian Fisher,1
NZ63878,Lillian Garrett,1
NZ31020,Lillian Gonzales,1
NZ51772,Lillian Gonzalez,1
NZ30713,Lillian Harris,1
NZ25041,Lillian Jackson,1
NZ29305,Lillian King,1
NZ56276,Lillian Moore,1
NZ59778,Lillian Nelson,1
NZ65658,Lillian Nelson,1
NZ78763,Lillian Simmons,1
NZ60443,Linda Brooks,1
NZ70868,Linda Burke,1
NZ64778,Linda Butler,1
NZ78463,Linda Fisher,1
NZ18241,Linda Lane,1
NZ78066,Linda Long,1
NZ28236,Linda Palmer,1
NZ69975,Linda Ramos,1
NZ45102,Lisa Alexander,1
NZ87062,Lisa Barnes,1
NZ80021,Lisa Butler,1
NZ73247,Lisa Carroll,1
NZ13684,Lisa Cunningham,1
NZ61446,Lisa Fernandez,1
NZ62679,Lisa Garrett,1
NZ86325,Lisa Johnston,1
NZ17406,Lisa Marshall,1
NZ47240,Lisa Medina,1
NZ50507,Lisa Miller,1
NZ98856,Lisa Owens,1
NZ24649,Lisa Phillips,1
NZ30869,Lisa Pierce,1
NZ57417,Lisa Wells,1
NZ54719,Lois Elliott,1
NZ26157,Lois Foster,1
NZ19846,Lois Griffin,1
NZ84018,Lois Griffin,1
NZ88751,Lois Oliver,1
NZ80022,Lois Sanchez,1
NZ73499,Lori Baker,1
NZ43809,Lori Bishop,1
NZ96193,Lori Hawkins,2
NZ56730,Lori Hernandez,1
NZ33951,Lori Lopez,1
NZ32204,Lori Marshall,1
NZ92582,Lori Oliver,1
NZ98600,Lori Webb,1
NZ73492,Lori Wilson,1
NZ49888,Louis Banks,1
NZ55241,Louis Bennett,1
NZ84566,Louis Black,1
NZ72590,Louis Brooks,1
NZ58018,Louis Crawford,1
NZ16827,Louis Edwards,1
NZ47756,Louis Hall,1
NZ36562,Louis Harper,1
NZ99522,Louis Hayes,1
NZ76306,Louis James,1
NZ74969,Louis Price,1
NZ41067,Louis Ramirez,1
NZ31340,Louis Rodriguez,1
NZ13509,Louis Schmidt,1
NZ66272,Louis Smith,1
NZ60750,Louis Thomas,1
NZ45324,Louis Weaver,1
NZ54495,Louise Barnes,1
NZ90197,Louise Day,1
NZ23071,Louise Hunt,1
NZ84388,Louise Morrison,1
NZ25027,Louise Olson,1
NZ40198,Louise Sanders,1
NZ22908,Louise Wells,1
NZ38207,Margaret Bowman,1
NZ55471,Margaret Carroll,1
NZ15088,Margaret Coleman,2
NZ69918,Margaret Dixon,1
NZ91902,Margaret Dixon,1
NZ84835,Margaret Grant,1
NZ67265,Margaret Rivera,1
NZ83407,Margaret Rivera,1
NZ21504,Margaret Romero,1
NZ52119,Margaret Sullivan,1
NZ88473,Margaret Washington,1
NZ98618,Maria Clark,1
NZ19321,Maria Gardner,1
NZ32223,Maria Gonzales,1
NZ15624,Maria King,1
NZ66679,Maria Larson,1
NZ26283,Maria Phillips,2
NZ44199,Maria Robertson,1
NZ83362,Maria Welch,1
NZ99980,Marie Alvarez,1
NZ86960,Marie Armstrong,1
NZ89960,Marie Burns,1
NZ98826,Marie Fuller,1
NZ62564,Marie Hart,1
NZ44237,Marie Lawrence,1
NZ48658,Marie Mason,1
NZ22892,Marie Medina,1
NZ38403,Marie Peterson,1
NZ99895,Marie Reynolds,1
NZ91317,Marilyn Campbell,1
NZ68994,Marilyn Coleman,1
NZ78545,Marilyn Flores,1
NZ93006,Marilyn Mendoza,1
NZ45315,Marilyn Rivera,1
NZ13447,Marilyn Stewart,1
NZ88064,Marilyn Washington,1
NZ57142,Marilyn Webb,1
NZ66682,Mark Cox,1
NZ62555,Mark Duncan,1
NZ37475,Mark Garrett,1
NZ91353,Mark Garza,1
NZ90506,Mark Harris,1
NZ98400,Mark Henderson,1
NZ59517,Mark Henry,1
NZ89996,Mark Hicks,1
NZ43851,Mark Lawrence,1
NZ93882,Mark Long,1
NZ87800,Mark Mccoy,1
NZ36967,Mark Medina,1
NZ81866,Mark Nelson,1
NZ21547,Mark Owens,1
NZ79142,Mark Patterson,1
NZ44607,Mark Pierce,1
NZ94600,Mark Richards,1
NZ59654,Mark Rose,1
NZ29266,Mark Shaw,1
NZ33562,Mark Vasquez,1
NZ74369,Mark Vasquez,1
NZ14819,Mark Ward,1
NZ91035,Martha Davis,1
NZ73340,Martha Green,1
NZ95344,Martha Jenkins,1
NZ40932,Martha Reynolds,1
NZ98943,Martha Robinson,1
NZ59334,Martin Baker,1
NZ36235,Martin Carpenter,1
NZ88607,Martin Chapman,1
NZ48166,Martin Gonzalez,1
NZ20946,Martin Jordan,1
NZ47214,Martin Lawson,1
NZ86149,Martin Marshall,1
NZ49496,Martin Martinez,1
NZ76090,Martin Morrison,1
NZ53799,Martin Phillips,1
NZ66871,Martin Scott,1
NZ24592,Martin Shaw,1
NZ67517,Martin Snyder,1
NZ41887,Martin Stephens,1
NZ32917,Martin Weaver,1
NZ96915,Mary Arnold,1
NZ80929,Mary Austin,1
NZ30193,Mary Bennett,1
NZ87787,Mary Berry,1
NZ15178,Mary Berry,1
NZ59107,Mary Burns,1
NZ53122,Mary Fowler,1
NZ32064,Mary Fox,1
NZ99321,Mary Jenkins,1
NZ71808,Mary Johnston,1
NZ77434,Mary Lawrence,1
NZ39399,Mary Lynch,1
NZ71090,Mary Martinez,1
NZ40475,Mary Mills,1
NZ17734,Mary Peters,1
NZ18810,Mary Price,1
NZ14696,Mary Wright,1
NZ16593,Mary Young,1
NZ89139,Matthew Brown,1
NZ71679,Matthew Carroll,2
NZ73608,Matthew Carter,1
NZ93676,Matthew Cruz,1
NZ15721,Matthew Ellis,1
NZ98187,Matthew Garrett,1
NZ63836,Matthew Garza,1
NZ74437,Matthew Gonzalez,1
NZ21608,Matthew James,1
NZ15167,Matthew Lane,1
NZ76764,Matthew Marshall,1
NZ59076,Matthew Morgan,1
NZ91152,Matthew Morris,1
NZ50842,Matthew Morris,1
NZ89653,Matthew Nguyen,1
NZ50034,Matthew Owens,1
NZ45633,Matthew Ramos,1
NZ44029,Matthew Rodriguez,1
NZ94086,Matthew Ross,1
NZ22736,Matthew Ross,1
NZ70297,Matthew Snyder,1
NZ25396,Matthew Webb,1
NZ71718,Matthew Wheeler,1
NZ70495,Melissa Gonzales,1
NZ20398,Melissa Miller,1
NZ79472,Melissa Rivera,1
NZ60181,Melissa Sanders,1
NZ64445,Melissa Young,1
NZ46352,Michael Alexander,1
NZ19481,Michael Bailey,1
NZ20248,Michael Barnes,1
NZ95041,Michael Bishop,1
NZ38949,Michael Carpenter,1
NZ31097,Michael Carroll,1
NZ50590,Michael Cunningham,1
NZ77225,Michael Edwards,1
NZ38173,Michael Harris,1
NZ54707,Michael Henry,1
NZ44357,Michael Little,1
NZ84384,Michael Martin,1
NZ69891,Michael Murphy,1
NZ80417,Michael Nichols,1
NZ45303,Michael Ortiz,1
NZ67659,Michael Owens,1
NZ90712,Michael Patterson,1
NZ77317,Michael Perkins,1
NZ43888,Michael Peters,1
NZ81613,Michael Ramirez,1
NZ90888,Michael Reed,1
NZ59059,Michael Rodriguez,1
NZ53485,Michael Sims,1
NZ80616,Michael Stone,1
NZ49841,Michelle Anderson,1
NZ68024,Michelle Davis,1
NZ24232,Michelle Elliott,1
NZ83619,Michelle Garcia,1
NZ36717,Michelle Jenkins,1
NZ21031,Michelle Little,1
NZ34780,Michelle Martin,1
NZ44723,Michelle Morales,1
NZ96247,Michelle Pierce,1
NZ71401,Michelle Rose,1
NZ76695,Michelle Stephens,1
NZ90777,Mildred Austin,1
NZ78689,Mildred Burns,1
NZ35529,Mildred Greene,1
NZ55460,Mildred Hall,1
NZ58778,Mildred Hansen,1
NZ36364,Mildred Hanson,1
NZ38646,Mildred Mason,1
NZ67912,Mildred Patterson,1
NZ23592,Mildred Watson,1
NZ46502,Mildred Willis,1
NZ23827,Mildred Willis,1
NZ71100,Mildred Young,1
NZ34318,Nancy Black,1
NZ53584,Nancy Castillo,1
NZ76683,Nancy Gilbert,1
NZ27394,Nancy James,1
NZ45923,Nancy Long,1
NZ84180,Nancy Mitchell,1
NZ22303,Nancy Morris,1
NZ35485,Nancy Rogers,2
NZ89128,Nicholas Barnes,1
NZ52011,Nicholas Chavez,1
NZ48221,Nicholas Fox,1
NZ18544,Nicholas Garcia,1
NZ62228,Nicholas Garrett,1
NZ33691,Nicholas Gilbert,1
NZ13283,Nicholas Gonzales,1
NZ39500,Nicholas Griffin,1
NZ65968,Nicholas Kelly,1
NZ67150,Nicholas Larson,1
NZ95612,Nicholas Meyer,1
NZ52181,Nicholas Mitchell,1
NZ78657,Nicholas Payne,1
NZ32922,Nicholas Porter,1
NZ65265,Nicholas Ray,1
NZ59637,Nicholas Rice,1
NZ26976,Nicholas Rodriguez,1
NZ42851,Nicholas Turner,1
NZ15767,Nicholas Vasquez,1
NZ62447,Nicholas Ward,1
NZ28975,Nicholas Watkins,1
NZ50588,Nicholas Watson,1
NZ56967,Nicole Burke,1
NZ23045,Nicole Elliott,1
NZ45825,Nicole Garrett,1
NZ45303,Nicole Hall,2
NZ76682,Nicole Hayes,1
NZ48073,Nicole Oliver,1
NZ64425,Nicole Porter,1
NZ78162,Nicole Sanchez,1
NZ56484,Nicole Scott,1
NZ65845,Norma Austin,1
NZ32855,Norma Gibson,1
NZ53894,Norma Hunter,1
NZ49839,Norma Knight,1
NZ62018,Norma Little,1
NZ17319,Norma Little,1
NZ69834,Norma Murphy,2
NZ14568,Norma Palmer,1
NZ18649,Norma Perez,1
NZ36167,Norma Sanchez,2
NZ13753,Norma Stone,1
NZ72103,Norma Washington,1
NZ85690,Norma Washington,1
NZ61025,Pamela Bailey,1
NZ30559,Pamela Bailey,1
NZ25291,Pamela Butler,1
NZ83694,Pamela Carpenter,1
NZ50255,Pamela Davis,1
NZ27469,Pamela Jacobs,1
NZ74286,Pamela Nichols,1
NZ35221,Pamela Oliver,1
NZ48103,Pamela Simmons,3
NZ86957,Patricia Burke,1
NZ93906,Patricia Carr,1
NZ67880,Patricia Elliott,1
NZ66550,Patricia George,1
NZ96364,Patricia George,1
NZ52253,Patricia Hudson,1
NZ75463,Patricia Mitchell,1
NZ27518,Patricia Mitchell,1
NZ81069,Patricia Stewart,1
NZ45691,Patrick Bowman,1
NZ43853,Patrick Butler,1
NZ21281,Patrick Coleman,1
NZ72682,Patrick Edwards,1
NZ34576,Patrick Howard,1
NZ32828,Patrick Howell,1
NZ68679,Patrick Lee,1
NZ16203,Patrick Payne,1
NZ25709,Patrick Perez,1
NZ50658,Patrick Richardson,1
NZ18628,Patrick Ruiz,1
NZ46526,Patrick Sims,1
NZ92418,Patrick Stephens,1
NZ35181,Patrick Stone,1
NZ38755,Patrick Sullivan,1
NZ75584,Patrick Thomas,1
NZ70906,Paul Armstrong,1
NZ56699,Paul Bell,1
NZ44710,Paul Boyd,1
NZ67593,Paul Cruz,1
NZ38386,Paul Hall,1
NZ62007,Paul Meyer,1
NZ39682,Paul Perry,1
NZ86878,Paul Porter,1
NZ80436,Paul Powell,1
NZ93920,Paul Riley,1
NZ60533,Paul Simmons,1
NZ52559,Paul Sims,1
NZ62450,Paul Snyder,1
NZ91337,Paul Wagner,1
NZ66621,Paul Wallace,1
NZ55441,Paul Welch,1
NZ61510,Paul White,1
NZ34886,Paula Hart,1
NZ88021,Paula Hawkins,1
NZ54112,Paula Henderson,1
NZ23940,Paula King,1
NZ90414,Paula Nichols,1
NZ68221,Paula Perkins,1
NZ97689,Paula Ray,1
NZ43909,Paula Robinson,1
NZ80791,Paula Ross,1
NZ49190,Paula Shaw,1
NZ79950,Paula Spencer,1
NZ65600,Paula Wheeler,1
NZ24188,Paula Young,1
NZ16568,Peter Adams,1
NZ56605,Peter Chapman,1
NZ60265,Peter Diaz,1
NZ28319,Peter Fernandez,1
NZ84868,Peter Foster,1
NZ96722,Peter Johnston,1
NZ65635,Peter Jones,1
NZ65820,Peter Jones,1
NZ90516,Peter Marshall,1
NZ48432,Peter Martin,1
NZ72150,Peter Murphy,1
NZ14543,Peter Perry,1
NZ78611,Peter Porter,1
NZ94530,Peter Reed,1
NZ62312,Peter Reid,1
NZ18364,Peter Riley,1
NZ56469,Peter Sanchez,1
NZ46502,Peter Simmons,2
NZ61947,Peter Weaver,1
NZ76341,Philip Bryant,1
NZ33585,Philip Cox,1
NZ76839,Philip Cunningham,1
NZ13570,Philip Day,1
NZ60970,Philip Fisher,1
NZ53486,Philip Fuller,1
NZ57163,Philip Hansen,1
NZ92467,Philip Hanson,1
NZ48913,Philip Jackson,1
NZ87362,Philip Little,1
NZ38237,Philip Martin,1
NZ27091,Philip Moore,1
NZ85031,Philip Nelson,1
NZ67285,Philip Nichols,1
NZ20167,Philip Ray,1
NZ67868,Philip Robinson,1
NZ82997,Philip Watkins,1
NZ96346,Philip Williamson,1
NZ62022,Phillip Adams,1
NZ13072,Phillip Banks,1
NZ92033,Phillip Collins,1
NZ27181,Phillip Cox,1
NZ46205,Phillip Evans,1
NZ99653,Phillip Fox,1
NZ37582,Phillip Fox,1
NZ40781,Phillip Gonzales,1
NZ89615,Phillip Gordon,1
NZ56267,Phillip Green,1
NZ31656,Phillip Hansen,2
NZ97771,Phillip Hansen,1
NZ30675,Phillip Howell,1
NZ82385,Phillip Kennedy,1
NZ59038,Phillip Long,1
NZ26113,Phillip Mcdonald,1
NZ49363,Phillip Morales,1
NZ20303,Phillip Morrison,1
NZ23640,Phillip Perez,1
NZ41811,Phillip Ramirez,1
NZ50658,Phillip Ryan,2
NZ36995,Phillip Scott,1
NZ16745,Phillip Snyder,1
NZ34900,Phillip Ward,1
NZ62595,Phillip Weaver,1
NZ82261,Phillip Welch,1
NZ23002,Phyllis Berry,1
NZ16977,Phyllis Elliott,1
NZ50762,Phyllis Knight,1
NZ21170,Phyllis Lawrence,1
NZ86529,Phyllis Payne,1
NZ68013,Phyllis Reed,1
NZ12731,Rachel Adams,1
NZ28345,Rachel Collins,1
NZ57208,Rachel Ellis,1
NZ87283,Rachel Snyder,1
NZ34917,Ralph Barnes,1
NZ54924,Ralph Boyd,1
NZ94695,Ralph Burns,1
NZ23356,Ralph Burns,1
NZ97484,Ralph Campbell,1
NZ24753,Ralph Chapman,1
NZ60682,Ralph Cole,1
NZ49684,Ralph Cunningham,1
NZ46000,Ralph Ford,1
NZ93181,Ralph Foster,1
NZ50994,Ralph Garcia,1
NZ32752,Ralph Greene,2
NZ82874,Ralph Gutierrez,1
NZ70396,Ralph Harvey,1
NZ81954,Ralph Henderson,1
NZ92276,Ralph Jacobs,1
NZ53609,Ralph Johnston,1
NZ87243,Ralph Long,1
NZ38724,Ralph Morgan,1
NZ94271,Ralph Parker,1
NZ71164,Ralph Porter,1
NZ46044,Ralph Robertson,1
NZ29701,Ralph Sanders,1
NZ70050,Ralph Sullivan,1
NZ45563,Ralph Weaver,1
NZ13004,Ralph West,1
NZ23121,Ralph Wright,1
NZ35926,Ralph Young,1
NZ65931,Randy Barnes,1
NZ93705,Randy Gardner,1
NZ43475,Randy Garrett,1
NZ28222,Randy Gonzalez,1
NZ47625,Randy Harvey,1
NZ15111,Randy Jacobs,1
NZ46155,Randy Kim,2
NZ33992,Randy Peterson,1
NZ75610,Randy Ross,1
NZ96476,Randy Shaw,1
NZ65022,Randy Simpson,1
NZ92294,Randy Spencer,1
NZ77083,Randy Watson,1
NZ85060,Randy Wheeler,1
NZ75746,Raymond Austin,1
NZ58620,Raymond Collins,1
NZ29653,Raymond Grant,1
NZ97042,Raymond Greene,1
NZ96019,Raymond King,1
NZ72578,Raymond King,1
NZ15192,Raymond Marshall,1
NZ28522,Raymond Mccoy,1
NZ81288,Raymond Mills,1
NZ26448,Raymond Mills,1
NZ74667,Raymond Murphy,1
NZ64751,Raymond Palmer,1
NZ95530,Raymond Warren,1
NZ50366,Raymond Williams,1
NZ16141,Raymond Willis,1
NZ53717,Rebecca Bowman,1
NZ33304,Rebecca Burke,1
NZ76281,Rebecca Cunningham,1
NZ55034,Rebecca Fowler,1
NZ51266,Rebecca Hamilton,1
NZ36864,Rebecca Hanson,1
NZ36407,Rebecca Harper,1
NZ15988,Rebecca Harvey,1
NZ34868,Rebecca Martinez,1
NZ77331,Rebecca Murray,1
NZ29216,Rebecca Owens,1
NZ34060,Rebecca Perkins,1
NZ33962,Rebecca Simmons,1
NZ22951,Rebecca Snyder,1
NZ52432,Rebecca Torres,1
NZ94282,Rebecca Walker,1
NZ53599,Rebecca Williams,1
NZ69465,Richard Armstrong,1
NZ57665,Richard Bishop,1
NZ56621,Richard Campbell,1
NZ76617,Richard Campbell,1
NZ74622,Richard Edwards,1
NZ45192,Richard Gibson,1
NZ99246,Richard Gomez,1
NZ65149,Richard Grant,1
NZ40107,Richard Harper,1
NZ67149,Richard Hawkins,1
NZ28776,Richard Henry,1
NZ57043,Richard Knight,1
NZ88761,Richard Knight,1
NZ63865,Richard Matthews,1
NZ41722,Richard Moore,1
NZ50159,Richard Moore,1
NZ93386,Richard Olson,1
NZ34903,Richard Price,1
NZ43476,Richard Reynolds,1
NZ66192,Richard Richards,1
NZ90041,Richard Sanchez,1
NZ68883,Richard Simpson,1
NZ27009,Richard Torres,1
NZ33495,Richard Wilson,1
NZ20255,Richard Young,1
NZ28225,Robert Dean,1
NZ63354,Robert Dixon,1
NZ76613,Robert Foster,1
NZ71997,Robert Gibson,1
NZ72949,Robert Harrison,1
NZ99412,Robert Lane,1
NZ96807,Robert Parker,1
NZ19117,Robert Peters,1
NZ26777,Robert Powell,1
NZ97456,Robert Sanchez,1
NZ23784,Robert Simmons,1
NZ40435,Robert Sims,1
NZ73620,Robert Stewart,1
NZ34968,Robert Thomas,1
NZ14614,Robert Washington,1
NZ93185,Robin Brown,1
NZ29371,Robin Burns,1
NZ63683,Robin Clark,1
NZ71338,Robin Hawkins,1
NZ83621,Robin Hudson,1
NZ43923,Robin Moore,1
NZ77518,Robin Myers,1
NZ27949,Robin Watkins,1
NZ96719,Robin Woods,1
NZ16101,Roger Boyd,1
NZ68708,Roger Ferguson,1
NZ18657,Roger Gonzales,1
NZ60030,Roger Greene,1
NZ84955,Roger Hamilton,1
NZ32999,Roger Hayes,1
NZ91448,Roger Hernandez,1
NZ52252,Roger Hicks,1
NZ64549,Roger Hunter,1
NZ93026,Roger Jacobs,1
NZ84055,Roger Mitchell,1
NZ49606,Roger Myers,1
NZ70227,Roger Parker,1
NZ38822,Roger Riley,1
NZ52448,Roger Romero,1
NZ88769,Roger Rose,2
NZ81435,Roger Spencer,1
NZ96983,Roger Williams,1
NZ20560,Roger Wright,1
NZ90885,Ronald Austin,1
NZ28531,Ronald Burns,1
NZ57420,Ronald Duncan,1
NZ67799,Ronald Fernandez,1
NZ56044,Ronald Fisher,1
NZ70133,Ronald Foster,1
NZ38845,Ronald Gutierrez,1
NZ80068,Ronald Hill,1
NZ74305,Ronald Larson,2
NZ30005,Ronald Moreno,1
NZ79892,Ronald Payne,1
NZ98982,Ronald Phillips,1
NZ68515,Ronald Reed,1
NZ41923,Ronald Reynolds,1
NZ99256,Ronald Riley,1
NZ35051,Ronald Ryan,1
NZ50522,Ronald Scott,1
NZ69161,Ronald Turner,1
NZ78028,Ronald Walker,1
NZ76718,Ronald Watson,1
NZ18081,Rose Bell,1
NZ36962,Rose Cook,1
NZ93832,Rose Garza,1
NZ56175,Rose Holmes,1
NZ22756,Rose Howard,1
NZ73374,Rose Howell,1
NZ91994,Rose Johnson,1
NZ27091,Rose Myers,2
NZ93663,Rose Sullivan,1
NZ76099,Rose West,1
NZ68054,Roy Armstrong,1
NZ26205,Roy Cunningham,1
NZ58197,Roy Dunn,1
NZ98787,Roy George,1
NZ17508,Roy Graham,1
NZ72422,Roy Hernandez,1
NZ48919,Roy Hudson,1
NZ65968,Roy Hughes,2
NZ21947,Roy Knight,1
NZ57563,Roy Lane,1
NZ29699,Roy Lee,1
NZ78049,Roy Martinez,1
NZ28663,Roy Ortiz,1
NZ90057,Roy Snyder,1
NZ78342,Roy Stewart,1
NZ31616,Roy Tucker,1
NZ73002,Roy West,1
NZ14385,Roy Young,1
NZ23817,Ruby Andrews,1
NZ21887,Ruby Butler,1
NZ26855,Ruby Davis,1
NZ50404,Ruby Evans,1
NZ81391,Ruby Gonzalez,1
NZ23354,Ruby Griffin,1
NZ25277,Ruby Harper,1
NZ33238,Ruby Oliver,1
NZ68508,Ruby Robinson,1
NZ37253,Ruby Russell,1
NZ71984,Ruby Stewart,1
NZ37241,Ruby Wallace,1
NZ29462,Ruby Willis,1
NZ49334,Russell Alvarez,1
NZ76668,Russell Arnold,1
NZ99554,Russell Coleman,1
NZ92115,Russell Cox,1
NZ74203,Russell Day,2
NZ19165,Russell Fowler,1
NZ54827,Russell Gibson,1
NZ43922,Russell Gilbert,1
NZ94938,Russell Gray,1
NZ76186,Russell Gutierrez,1
NZ15625,Russell Hansen,1
NZ59364,Russell Hanson,1
NZ57646,Russell Holmes,1
NZ67912,Russell Lawson,2
NZ29987,Russell Long,1
NZ14845,Russell Mason,1
NZ70737,Russell Moore,1
NZ37028,Russell Ortiz,1
NZ91194,Russell Perry,1
NZ88950,Russell Peterson,1
NZ77398,Russell Reyes,1
NZ54504,Russell Thompson,1
NZ99978,Russell Wagner,1
NZ80677,Russell Watkins,1
NZ52319,Russell Watson,1
NZ25754,Ruth Bailey,1
NZ98220,Ruth Bishop,1
NZ94008,Ruth Cook,1
NZ92195,Ruth Flores,1
NZ98793,Ruth Freeman,1
NZ81366,Ruth Hamilton,1
NZ59337,Ruth Hughes,1
NZ35051,Ruth Kennedy,2
NZ46069,Ruth Mitchell,1
NZ54095,Ruth Murphy,1
NZ25976,Ruth Reyes,1
NZ90409,Ruth Sims,1
NZ64051,Ruth Stone,1
NZ62022,Ruth Weaver,2
NZ17926,Ryan Austin,1
NZ94339,Ryan Brooks,1
NZ86812,Ryan Carr,1
NZ17939,Ryan Gray,1
NZ16961,Ryan Hansen,1
NZ80498,Ryan Hernandez,1
NZ62435,Ryan Long,1
NZ98838,Ryan Mason,1
NZ23172,Ryan Mitchell,1
NZ30232,Ryan Perkins,1
NZ94518,Ryan Perry,1
NZ27859,Ryan Ray,1
NZ49213,Ryan Sanchez,1
NZ55583,Ryan Shaw,1
NZ28622,Ryan Smith,1
NZ33044,Ryan Watson,1
NZ94055,Ryan Weaver,2
NZ84445,Ryan Young,1
NZ58197,Samuel Alvarez,2
NZ58836,Samuel Anderson,1
NZ97608,Samuel Bailey,1
NZ73212,Samuel Barnes,1
NZ59415,Samuel Boyd,1
NZ27430,Samuel Bradley,1
NZ33338,Samuel Carr,1
NZ92647,Samuel Cunningham,1
NZ27626,Samuel Fowler,1
NZ79633,Samuel Gilbert,1
NZ75884,Samuel Gomez,1
NZ72540,Samuel Gonzalez,1
NZ92223,Samuel Harvey,1
NZ47218,Samuel Hicks,1
NZ78532,Samuel Hudson,1
NZ47674,Samuel Jackson,1
NZ53489,Samuel Johnston,1
NZ38886,Samuel Matthews,1
NZ47439,Samuel Myers,1
NZ53757,Samuel Nichols,1
NZ30404,Samuel Peterson,1
NZ78694,Samuel Ramirez,1
NZ27463,Samuel Riley,1
NZ75976,Samuel Stevens,1
NZ39713,Samuel Thompson,1
NZ73329,Samuel Vasquez,1
NZ92034,Samuel White,1
NZ18812,Samuel Wright,2
NZ15396,Samuel Young,1
NZ18751,Sandra Austin,1
NZ65960,Sandra George,1
NZ26679,Sandra Knight,1
NZ33681,Sandra Moreno,1
NZ70647,Sandra Schmidt,1
NZ43480,Sandra Sims,1
NZ91167,Sara Daniels,1
NZ32087,Sara Day,1
NZ70721,Sara Mason,1
NZ93358,Sara Mason,1
NZ64345,Sara Phillips,1
NZ48157,Sara Thompson,1
NZ80461,Sarah Andrews,1
NZ52289,Sarah Burke,1
NZ79163,Sarah Gray,1
NZ72898,Sarah Griffin,1
NZ79287,Sarah Harper,1
NZ42138,Sarah Hill,1
NZ55647,Sarah Nichols,1
NZ85018,Sarah Porter,1
NZ67930,Sarah Rivera,1
NZ72037,Sarah Ruiz,1
NZ51423,Sarah Schmidt,1
NZ96714,Sarah Stephens,1
NZ20154,Sarah Wagner,1
NZ38878,Sarah Wright,1
NZ14237,Scott Andrews,1
NZ49649,Scott Evans,1
NZ52005,Scott Franklin,1
NZ52376,Scott Hart,1
NZ36571,Scott Hudson,1
NZ85299,Scott Hughes,1
NZ48804,Scott Hunt,1
NZ45778,Scott Johnson,1
NZ55634,Scott Jones,1
NZ34297,Scott Kelly,1
NZ31198,Scott Lawrence,1
NZ24125,Scott Mitchell,1
NZ37844,Scott Patterson,1
NZ90914,Scott Phillips,1
NZ22254,Scott Ross,1
NZ87876,Scott Sanders,1
NZ82314,Scott Tucker,1
NZ33193,Scott Ward,1
NZ84211,Scott Wells,1
NZ36784,Sean Carr,1
NZ52334,Sean Carter,1
NZ54739,Sean Chavez,1
NZ69225,Sean Diaz,1
NZ24501,Sean Dixon,1
NZ18529,Sean Ellis,1
NZ75100,Sean Fernandez,1
NZ81606,Sean Flores,1
NZ57908,Sean Hall,1
NZ19422,Sean Harrison,1
NZ59583,Sean Hart,1
NZ89482,Sean Hernandez,1
NZ82819,Sean Larson,1
NZ28381,Sean Morris,1
NZ24899,Sean Morrison,1
NZ91334,Sean Myers,1
NZ20002,Sean Palmer,1
NZ68280,Sean Peters,1
NZ99607,Sean Pierce,1
NZ75139,Sean Robinson,1
NZ40533,Sean Sims,1
NZ67420,Sean Thompson,1
NZ37456,Sean Weaver,1
NZ29416,Sharon Cook,1
NZ56629,Sharon Davis,1
NZ35375,Sharon Johnston,1
NZ19493,Sharon Lee,1
NZ58356,Sharon Warren,1
NZ59380,Sharon Wilson,1
NZ29986,Shawn Alvarez,1
NZ12702,Shawn Austin,1
NZ49463,Shawn Bennett,1
NZ31182,Shawn Dean,1
NZ71842,Shawn Duncan,1
NZ27808,Shawn Fields,1
NZ20451,Shawn Gardner,1
NZ64879,Shawn Garza,1
NZ91538,Shawn Hill,1
NZ17931,Shawn Howell,1
NZ25908,Shawn Knight,1
NZ34869,Shawn Lane,1
NZ66163,Shawn Myers,1
NZ93947,Shawn Rice,1
NZ39449,Shawn Robertson,1
NZ41747,Shawn Rodriguez,1
NZ46745,Shawn Simmons,1
NZ40294,Shawn Wallace,1
NZ65273,Shawn Watkins,1
NZ19548,Shawn Welch,1
NZ22770,Shirley Carr,1
NZ55955,Shirley Chavez,1
NZ15970,Shirley Cole,1
NZ64241,Shirley Gilbert,1
NZ67788,Shirley Henry,1
NZ70193,Shirley Jenkins,1
NZ64411,Shirley Olson,1
NZ66999,Shirley Parker,1
NZ95274,Shirley Tucker,1
NZ85067,Stephanie Baker,1
NZ51146,Stephanie Bryant,1
NZ73287,Stephanie Grant,2
NZ47332,Stephanie Jordan,1
NZ44913,Stephanie Lopez,1
NZ32885,Stephanie Mills,1
NZ21788,Stephanie Morris,1
NZ30407,Stephanie Oliver,1
NZ15640,Stephanie Ryan,1
NZ69570,Stephanie Thomas,1
NZ80012,Stephen Allen,1
NZ89792,Stephen Bell,1
NZ24384,Stephen Bennett,1
NZ90131,Stephen Carr,1
NZ17470,Stephen Daniels,1
NZ28563,Stephen Freeman,1
NZ34414,Stephen Hamilton,1
NZ25095,Stephen Jordan,1
NZ18504,Stephen Kim,1
NZ31161,Stephen Murphy,1
NZ47499,Stephen Murray,1
NZ98821,Stephen Perkins,1
NZ53908,Stephen Perry,1
NZ86434,Stephen Peters,1
NZ38793,Stephen Rose,1
NZ20899,Stephen Schmidt,1
NZ38441,Stephen Stewart,1
NZ57973,Stephen Washington,1
NZ44689,Stephen Watkins,1
NZ99278,Stephen Watson,1
NZ93672,Steve Alvarez,1
NZ72265,Steve Coleman,1
NZ84401,Steve Dean,1
NZ49322,Steve Grant,1
NZ71913,Steve Hill,1
NZ68640,Steve Kennedy,1
NZ92250,Steve Peters,1
NZ77399,Steve Peterson,1
NZ94106,Steve Price,1
NZ91899,Steve Ross,1
NZ26937,Steve Scott,1
NZ94895,Steve Sullivan,1
NZ67727,Steve Woods,1
NZ34695,Steven Alexander,1
NZ20725,Steven Ferguson,1
NZ52344,Steven Greene,1
NZ64863,Steven Hall,1
NZ17087,Steven Jacobs,1
NZ43915,Steven Kelly,1
NZ94872,Steven Miller,1
NZ25223,Steven Owens,1
NZ38628,Steven Ryan,1
NZ47226,Steven Welch,1
NZ40714,Steven Wilson,1
NZ60028,Susan Carter,1
NZ98780,Susan Clark,1
NZ22142,Susan Cole,1
NZ79795,Susan Dixon,1
NZ15955,Susan Dunn,1
NZ17070,Susan Fowler,1
NZ21698,Susan Hawkins,1
NZ18126,Susan Thompson,1
NZ59154,Susan Webb,1
NZ36598,Tammy Baker,1
NZ80280,Tammy Brooks,1
NZ73297,Tammy Bryant,1
NZ62657,Tammy Carter,1
NZ67058,Tammy Dunn,1
NZ86089,Tammy Harrison,1
NZ53269,Tammy Howard,1
NZ66158,Tammy Kennedy,1
NZ39526,Tammy Kim,1
NZ86610,Tammy Pierce,2
NZ45348,Tammy Welch,1
NZ35725,Tammy Willis,1
NZ64087,Teresa Campbell,1
NZ39612,Teresa Gordon,1
NZ82642,Teresa Graham,1
NZ77041,Teresa Kennedy,1
NZ35322,Teresa Lawson,1
NZ70196,Teresa Nelson,1
NZ91469,Teresa Ryan,1
NZ51348,Teresa Shaw,1
NZ77110,Terry Bennett,1
NZ82371,Terry Black,1
NZ41611,Terry Bowman,1
NZ44460,Terry Carpenter,1
NZ22626,Terry Chavez,1
NZ80350,Terry Diaz,1
NZ55869,Terry Flores,1
NZ31075,Terry Fox,1
NZ81185,Terry Gibson,1
NZ58718,Terry Graham,1
NZ54572,Terry Hanson,1
NZ27653,Terry Harrison,1
NZ40991,Terry Hayes,1
NZ36682,Terry Lee,1
NZ69547,Terry Ray,1
NZ50738,Terry Shaw,2
NZ79483,Terry Stewart,1
NZ32711,Terry Tucker,1
NZ67109,Terry Watson,1
NZ93078,Theresa Burke,1
NZ70814,Theresa Cooper,1
NZ58661,Theresa Crawford,1
NZ52506,Theresa Mcdonald,1
NZ97714,Theresa Ward,1
NZ91553,Theresa Woods,1
NZ33489,Thomas Barnes,1
NZ92008,Thomas Burns,1
NZ25143,Thomas Burton,1
NZ33515,Thomas Dean,1
NZ17053,Thomas Evans,1
NZ41593,Thomas Gibson,1
NZ36748,Thomas Gomez,1
NZ24335,Thomas Gonzalez,1
NZ35099,Thomas Hanson,1
NZ68936,Thomas Hernandez,1
NZ81264,Thomas Hernandez,1
NZ61034,Thomas Jenkins,1
NZ82060,Thomas Jones,1
NZ89837,Thomas Martinez,1
NZ16655,Thomas Ortiz,1
NZ37935,Thomas Palmer,1
NZ49677,Thomas Peters,1
NZ87256,Thomas Reid,2
NZ59612,Thomas Robertson,1
NZ84491,Thomas Robertson,1
NZ21388,Thomas Russell,1
NZ26793,Thomas Washington,1
NZ26467,Thomas Welch,1
NZ95683,Timothy Alexander,1
NZ64186,Timothy Austin,1
NZ34425,Timothy Bradley,1
NZ86705,Timothy Carpenter,1
NZ75987,Timothy Cook,1
NZ88284,Timothy Diaz,1
NZ40082,Timothy Dixon,1
NZ62101,Timothy Duncan,1
NZ31346,Timothy Fields,1
NZ81280,Timothy Franklin,1
NZ18100,Timothy Harrison,1
NZ26254,Timothy Holmes,1
NZ79409,Timothy Hunter,1
NZ45638,Timothy Johnston,1
NZ12649,Timothy Kelly,1
NZ21371,Timothy Larson,1
NZ35748,Timothy Long,1
NZ18823,Timothy Miller,1
NZ91458,Timothy Moore,1
NZ77446,Timothy Myers,1
NZ70347,Timothy Ortiz,1
NZ40382,Timothy Perry,1
NZ47104,Timothy Peterson,1
NZ85936,Timothy Price,1
NZ25922,Timothy Reed,1
NZ62889,Timothy Richards,1
NZ94482,Timothy Scott,1
NZ53121,Timothy Stanley,1
NZ20282,Timothy Tucker,1
NZ21808,Timothy Washington,1
NZ86489,Timothy Wheeler,1
NZ34196,Tina Alexander,1
NZ95415,Tina Alvarez,1
NZ76489,Tina Franklin,1
NZ77616,Tina Gutierrez,1
NZ51003,Tina Gutierrez,1
NZ40950,Tina Hunter,1
NZ92840,Tina Medina,1
NZ72283,Tina Reid,1
NZ96295,Tina Smith,1
NZ62295,Tina Snyder,1
NZ95154,Tina Tucker,1
NZ58182,Tina West,1
NZ21502,Tina Young,1
NZ46444,Todd Black,1
NZ55336,Todd Campbell,1
NZ80061,Todd Davis,1
NZ65318,Todd Elliott,1
NZ47672,Todd Henderson,1
NZ92018,Todd Howell,1
NZ57827,Todd Lawrence,1
NZ32618,Todd Lee,1
NZ59366,Todd Mccoy,1
NZ87002,Todd Miller,1
NZ74826,Todd Miller,1
NZ22904,Todd Peters,1
NZ69386,Todd Roberts,1
NZ38016,Todd Russell,1
NZ92735,Todd Sims,1
NZ39963,Todd Torres,1
NZ49380,Todd Weaver,1
NZ64291,Victor Black,1
NZ72414,Victor Black,1
NZ70765,Victor Carter,1
NZ30786,Victor Ellis,1
NZ53925,Victor Flores,1
NZ54277,Victor Gardner,1
NZ93388,Victor Hill,1
NZ20655,Victor Jenkins,1
NZ38675,Victor Martin,1
NZ13907,Victor Moreno,1
NZ14559,Victor Morrison,1
NZ18836,Victor Nichols,1
NZ90265,Victor Ryan,1
NZ47000,Victor Stephens,1
NZ15955,Victor Williams,2
NZ26204,Victor Young,1
NZ24573,Virginia Allen,1
NZ71064,Virginia Duncan,1
NZ52986,Virginia Edwards,1
NZ54557,Virginia Gardner,1
NZ72498,Virginia Garza,1
NZ60926,Virginia Greene,1
NZ23054,Virginia Harper,1
NZ25773,Virginia Richardson,1
NZ68750,Virginia Scott,1
NZ71938,Virginia Willis,1
NZ39571,Walter Andrews,1
NZ47675,Walter Arnold,1
NZ33553,Walter Banks,1
NZ68811,Walter Carr,1
NZ74796,Walter Duncan,1
NZ48222,Walter Griffin,1
NZ18734,Walter Hart,1
NZ40496,Walter Jenkins,1
NZ76758,Walter Jones,1
NZ87992,Walter Matthews,1
NZ18049,Walter Mccoy,1
NZ48333,Walter Parker,1
NZ76028,Walter Sanchez,1
NZ76373,Walter Scott,1
NZ63171,Walter Simmons,1
NZ54363,Walter Stanley,1
NZ27490,Walter Warren,1
NZ25130,Walter Williams,1
NZ59532,Wanda Gonzales,1
NZ27026,Wanda Henderson,1
NZ48176,Wanda Morris,1
NZ33337,Wanda Murray,1
NZ91185,Wanda Patterson,1
NZ45470,Wanda Robertson,1
NZ70068,Wanda Smith,1
NZ64096,Wanda Wagner,1
NZ28884,Wayne Alvarez,1
NZ71190,Wayne Baker,1
NZ54629,Wayne Baker,1
NZ41219,Wayne Bennett,1
NZ38662,Wayne Fields,1
NZ28766,Wayne Foster,1
NZ71261,Wayne George,1
NZ30598,Wayne Grant,1
NZ76060,Wayne Harrison,1
NZ32547,Wayne Hart,1
NZ83525,Wayne Johnston,1
NZ28199,Wayne Lane,2
NZ28746,Wayne Stephens,1
NZ70766,Wayne Taylor,1
NZ71359,Wayne Woods,1
NZ54095,William Alvarez,2
NZ96593,William Berry,1
NZ19580,William Bishop,1
NZ75932,William Carroll,1
NZ42043,William Cruz,1
NZ32146,William Gray,1
NZ35064,William Griffin,1
NZ39354,William Hart,1
NZ85558,William Hernandez,1
NZ84825,William Holmes,2
NZ93695,William Long,1
NZ74791,William Mcdonald,1
NZ28717,William Moore,1
NZ19935,William Perry,1
NZ42415,William Rose,1
NZ78031,William Ryan,1
NZ35417,William Wagner,1
NZ99015,Willie Garcia,1
NZ88518,Willie Greene,1
NZ84352,Willie Hanson,1
NZ27704,Willie Henry,1
NZ38702,Willie Kennedy,1
NZ66163,Willie Lopez,2
NZ22162,Willie Owens,1
NZ52634,Willie Price,1
NZ21106,Willie Richards,1
NZ32945,Willie Scott,1
NZ38924,Willie Shaw,1
NZ70426,Willie Simpson,1
NZ24672,Willie Stephens,1
NZ55262,Willie Sullivan,1
NZ75766,Willie Wagner,1
NZ77494,Willie Walker,1
NZ89151,Willie Wheeler,1
