Banking Contact,Banking Contact ID
Adam Hernandez,BC_1
Anthony Berry,BC_2
Anthony Simpson,BC_3
Anthony Torres,BC_4
Benjamin Kim,BC_5
Bobby Burton,BC_6
Bruce Butler,BC_7
Bruce Porter,BC_8
Carl Nguyen,BC_9
Chris Armstrong,BC_10
Dennis Morris,BC_11
Dennis Ruiz,BC_12
Donald Reynolds,BC_13
Douglas Tucker,BC_14
Ernest Rivera,BC_15
Frank Brown,BC_16
George Lewis,BC_17
Gregory Simmons,BC_18
James Castillo,BC_19
Jason Duncan,BC_20
Jeremy Vasquez,BC_21
Jerry Green,BC_22
Jesse Evans,BC_23
Joe Hanson,BC_24
Joe Price,BC_25
Jonathan Hawkins,BC_26
Joshua Bennett,BC_27
Joshua Little,BC_28
Joshua Ryan,BC_29
Keith Griffin,BC_30
Mark Montgomery,BC_31
Nicholas Cunningham,BC_32
Nicholas Simmons,BC_33
Patrick Graham,BC_34
Paul Holmes,BC_35
Paul Larson,BC_36
Phillip Peters,BC_37
Raymond Alexander,BC_38
Roger Alexander,BC_39
Roy Rice,BC_40
Samuel Fowler,BC_41
Shawn Cook,BC_42
Shawn Long,BC_43
Shawn Wallace,BC_44
Stephen Payne,BC_45
Steve Diaz,BC_46
Todd Roberts,BC_47
Victor Martinez,BC_48
Victor Ramos,BC_49
